SYMBOL,OPEN,HIGH,LOW,CLOSE,PREVCLOSE,RSI
20MICRONS,43.5,43.9,42.15,42.25,43.45,50.61728395061725
21STCENMGM,23.5,23.5,23.05,23.5,23.5,0.0
3IINFOTECH,3.6,3.75,3.55,3.65,3.6,0.0
3MINDIA,20011.4,20540.0,19997.0,20357.4,19990.25,27.32720588235304
3PLAND,11.0,12.4,11.0,11.6,11.6,0.0
5PAISA,298.0,298.45,295.5,298.45,284.25,0.0
63MOONS,96.45,97.55,95.0,95.25,96.45,0.0
717GS2028,105.0,105.0,97.1,97.1,101.44,0.0
8KMILES,134.35,134.35,129.0,131.25,133.9,8.385093167701982
A2ZINFRA,12.85,13.3,12.85,13.0,13.05,0.0
AAKASH,19.0,19.0,19.0,19.0,23.0,0.0
AARON,43.5,44.75,43.5,44.75,44.0,0.0
AARTIDRUGS,574.95,577.95,563.05,572.4,575.2,34.558823529411754
AARTIIND,1432.0,1465.75,1432.0,1463.35,1429.15,74.72140762463341
AARVEEDEN,27.6,28.2,27.0,28.05,28.0,0.0
AARVI,42.75,42.75,42.75,42.75,41.6,0.0
AAVAS,831.05,843.95,830.9,840.85,837.65,68.8871473354232
ABAN,73.15,73.95,72.5,73.25,73.5,0.0
ABB,1314.9,1318.95,1295.6,1303.65,1308.95,41.39452780229498
ABBOTINDIA,7510.0,7546.65,7485.1,7504.5,7471.95,56.71671671671673
ABCAPITAL,98.5,98.85,97.2,98.0,98.25,0.0
ABFRL,197.8,202.9,195.6,198.45,197.75,18.03278688524587
ABGSHIP,1.9,2.0,1.9,1.9,1.95,0.0
ACC,1458.0,1473.0,1437.55,1469.1,1452.25,44.757665677546896
ACCELYA,944.9,964.95,940.1,944.15,948.25,27.607361963190257
ACCURACY,62.0,62.0,62.0,62.0,64.45,0.0
ACE,98.3,99.2,97.0,98.6,97.35,97.38562091503265
ADANIENT,152.1,154.0,150.0,152.55,152.5,0.0
ADANIGAS,101.0,101.75,99.85,100.85,100.85,32.30769230769236
ADANIGREEN,40.95,41.3,40.4,40.55,40.95,0.0
ADANIPORTS,378.65,383.95,375.85,382.15,378.1,32.32628398791529
ADANIPOWER,50.4,50.65,49.7,50.05,50.35,0.0
ADANITRANS,201.15,201.55,197.5,200.1,201.15,66.99029126213563
ADFFOODS,273.3,273.3,263.0,264.4,268.0,58.30508474576225
ADHUNIK,2.15,2.2,2.1,2.15,2.15,0.0
ADHUNIKIND,49.0,50.85,48.0,50.1,48.1,78.39999999999998
ADLABS,11.05,11.05,10.75,10.85,11.0,0.0
ADORWELD,370.0,372.5,365.0,367.7,367.95,42.406311637080826
ADROITINFO,18.7,18.8,17.7,18.0,18.95,34.920634920634825
ADSL,14.15,14.3,14.0,14.05,14.45,0.0
ADVANIHOTR,63.8,64.9,62.05,63.4,63.0,0.0
ADVENZYMES,174.05,174.2,170.5,170.95,173.55,0.0
AEGISCHEM,206.95,211.7,204.25,208.4,206.85,99.08256880733941
AGARIND,185.9,190.95,183.6,186.4,186.65,0.0
AGCNET,89.0,101.75,82.5,101.75,84.8,90.90909090909092
AGLSL,63.6,66.6,63.55,66.1,65.0,73.33333333333326
AGRITECH,59.6,60.75,56.0,60.1,57.9,0.0
AGROPHOS,51.5,51.5,51.0,51.5,51.0,0.0
AHLADA,140.0,140.0,140.0,140.0,141.0,0.0
AHLEAST,240.8,244.3,238.65,241.7,240.1,14.611872146118685
AHLUCONT,323.9,325.7,320.9,321.8,323.2,82.06106870229011
AHLWEST,296.0,305.65,294.1,302.4,294.05,60.65934065934061
AIAENG,1662.1,1688.95,1601.1,1648.45,1677.6,30.811808118081146
AIFL,26.75,26.85,25.75,25.9,26.2,53.846153846153825
AIONJSW,38.95,40.0,38.7,39.3,38.9,0.0
AJANTPHARM,1155.5,1157.95,1113.3,1129.1,1150.9,0.0
AJMERA,168.8,172.0,166.2,167.15,166.45,55.28169014084497
AJOONI,22.0,22.85,20.75,22.85,22.3,0.0
AKASH,76.0,76.0,74.5,74.55,78.1,0.0
AKG,32.3,32.8,32.3,32.5,32.5,0.0
AKSHARCHEM,446.25,446.25,438.5,440.75,451.95,48.31649831649831
AKSHOPTFBR,24.9,25.25,24.55,24.65,24.9,0.0
AKZOINDIA,1777.1,1798.9,1758.05,1785.8,1801.25,88.64628820960704
ALANKIT,25.25,26.0,25.0,25.75,25.3,46.55172413793111
ALBERTDAVD,402.1,419.9,402.1,413.25,411.2,35.800344234079205
ALBK,45.0,46.9,44.5,46.7,44.7,37.38317757009346
ALCHEM,3.0,3.0,3.0,3.0,2.9,0.0
ALEMBICLTD,46.55,47.35,46.3,46.4,46.55,0.0
ALICON,578.05,587.9,577.0,578.7,577.95,52.1739130434784
ALKALI,53.95,54.75,53.3,54.75,53.8,0.0
ALKEM,1970.0,1970.0,1918.1,1950.05,1962.4,75.700400228702
ALKYLAMINE,792.3,800.0,781.0,786.85,786.4,67.65015806111691
ALLCARGO,107.05,108.45,106.5,106.65,107.55,0.0
ALLSEC,204.0,204.0,194.0,194.7,198.7,0.0
ALMONDZ,21.8,22.9,21.7,21.95,22.65,46.03174603174603
ALOKTEXT,3.9,4.0,3.9,3.9,3.95,0.0
ALPA,24.6,25.0,24.25,24.45,24.6,44.26229508196713
ALPHAGEO,480.0,480.0,461.35,465.4,468.45,23.51485148514847
AMARAJABAT,718.25,727.5,716.0,723.65,716.0,36.89776733254998
AMBER,912.0,919.9,900.0,918.4,901.4,61.03542234332429
AMBIKCO,1159.05,1160.0,1131.0,1157.5,1155.7,43.382352941175974
AMBUJACEM,214.5,216.95,211.2,216.55,213.85,37.84530386740339
AMDIND,21.8,26.4,21.8,26.4,22.0,79.27927927927925
AMJLAND,22.8,23.4,22.15,22.65,22.65,62.204724409448815
AMJUMBO,59.0,59.0,59.0,59.0,51.25,0.0
AMRUTANJAN,281.45,284.5,275.1,276.75,281.5,62.91486291486288
ANANTRAJ,34.85,35.25,34.35,34.7,34.5,0.0
ANDHRABANK,28.95,30.0,28.8,29.85,28.95,0.0
ANDHRACEMT,5.75,6.1,5.65,5.95,5.8,0.0
ANDHRSUGAR,333.85,342.0,332.75,333.95,333.25,53.30739299610883
ANGIND,1.3,1.3,1.2,1.25,1.25,0.0
ANIKINDS,23.65,23.9,22.2,22.75,23.0,0.0
ANKITMETAL,0.5,0.5,0.45,0.45,0.45,0.0
ANSALAPI,10.7,10.9,10.6,10.8,10.7,0.0
ANSALHSG,10.75,10.9,10.55,10.7,10.7,0.0
ANTGRAPHIC,0.45,0.5,0.45,0.5,0.5,0.0
APARINDS,652.05,659.55,641.65,646.0,654.9,21.272365805168988
APCL,131.15,132.75,129.1,129.55,132.05,48.87459807073956
APCOTEXIND,520.7,528.95,520.0,525.2,525.55,49.01960784313737
APEX,358.15,360.8,356.6,358.1,356.45,6.547619047619165
APLAPOLLO,1190.05,1200.05,1161.0,1183.3,1181.8,78.43762455161419
APLLTD,581.0,589.3,578.0,579.1,581.9,56.72227674190386
APOLLO,123.35,125.95,122.25,123.65,122.35,62.804878048780495
APOLLOHOSP,1259.0,1297.3,1259.0,1293.0,1266.65,88.48758465011278
APOLLOTYRE,228.0,234.25,226.15,233.4,227.85,46.35761589403975
APOLSINHOT,1056.95,1099.95,1056.95,1081.15,1073.15,14.170792079207985
APTECHT,187.65,188.75,183.2,185.35,187.1,0.0
ARCHIDPLY,40.3,41.6,40.3,41.2,41.95,0.0
ARCHIES,28.9,29.2,28.65,29.0,28.85,0.0
ARCOTECH,7.25,7.4,7.2,7.35,7.35,0.0
ARIES,99.3,101.5,99.1,101.25,100.3,0.0
ARIHANT,30.9,34.45,29.35,32.05,32.25,0.0
ARIHANTSUP,59.5,59.65,57.5,58.35,58.95,0.0
ARMANFIN,398.0,398.0,388.6,395.75,396.5,55.02793296089387
AROGRANITE,52.05,55.3,52.0,54.35,52.0,70.1492537313433
ARROWGREEN,105.0,112.0,103.5,112.0,106.7,18.307426597582023
ARROWTEX,21.8,22.0,21.2,21.5,22.2,0.0
ARSHIYA,31.85,32.25,30.3,31.05,31.75,0.0
ARSSINFRA,36.6,36.7,35.0,35.85,35.4,0.0
ARVIND,95.5,97.2,93.25,96.55,95.1,26.126126126126053
ARVSMART,123.3,124.5,121.7,122.65,123.35,41.77777777777783
ASAHIINDIA,264.65,267.3,262.0,262.45,265.65,76.37444279346212
ASAHISONG,212.05,215.05,210.75,213.55,213.15,0.0
ASAL,78.0,78.45,72.7,76.2,77.85,70.92198581560287
ASHAPURMIN,30.6,31.3,30.0,30.25,30.05,0.0
ASHIANA,118.6,120.95,117.75,118.5,119.1,61.90476190476199
ASHIMASYN,16.75,17.0,16.3,16.9,16.55,0.0
ASHOKA,124.1,127.5,123.7,126.4,124.1,40.350877192982736
ASHOKLEY,98.15,98.75,96.0,96.8,98.15,0.0
ASIANHOTNR,149.8,150.0,145.7,149.45,148.65,31.932773109243854
ASIANPAINT,1388.0,1401.4,1381.4,1385.85,1388.3,85.7657657657656
ASIANTILES,163.0,163.95,157.2,158.05,162.95,0.0
ASLIND,28.0,30.0,28.0,30.0,25.0,0.0
ASPINWALL,170.0,170.0,167.5,168.25,168.1,33.14285714285715
ASSAMCO,2.05,2.05,1.95,2.0,2.05,0.0
ASTEC,525.6,526.9,517.05,523.1,524.65,22.92993630573217
ASTERDM,160.05,161.5,159.0,160.65,160.0,81.19658119658108
ASTRAL,1144.8,1184.95,1138.1,1178.9,1144.85,60.01167542323413
ASTRAMICRO,80.25,81.5,80.05,80.4,79.95,69.99999999999982
ASTRAZEN,1410.65,1475.0,1405.0,1466.5,1415.55,48.22527212494084
ASTRON,113.0,114.8,112.2,113.35,112.65,74.8387096774195
ATFL,602.5,615.15,599.5,612.05,598.3,81.79959100204483
ATLANTA,22.6,22.75,22.05,22.25,22.65,0.0
ATLASCYCLE,78.0,78.5,77.35,78.35,78.0,0.0
ATUL,3448.2,3474.9,3423.2,3459.85,3455.75,84.70343392299698
ATULAUTO,353.8,366.0,346.55,354.7,357.25,96.41649763353612
AUBANK,621.0,634.5,619.65,623.85,621.35,95.92959295929589
AURDIS,35.5,36.0,35.5,35.7,34.3,0.0
AURIONPRO,132.35,135.95,130.55,135.05,132.45,79.4117647058823
AUROPHARMA,714.0,728.0,708.25,725.85,715.9,52.06043956043971
AUSOMENT,50.0,56.7,50.0,56.7,47.25,86.42297650130548
AUTOAXLES,1319.0,1354.0,1319.0,1343.35,1330.25,39.45795137504981
AUTOIND,68.75,69.3,66.9,68.35,68.75,70.66115702479335
AUTOLITIND,41.8,41.8,40.0,40.3,41.3,50.68493150684938
AVADHSUGAR,390.0,409.7,390.0,395.9,389.15,96.72447013487489
AVANTIFEED,377.0,382.45,374.1,375.95,378.45,12.195121951219477
AVG,76.2,76.2,76.2,76.2,80.6,0.0
AVTNPL,26.5,27.1,26.25,26.6,26.75,0.0
AXISBANK,612.0,624.75,609.5,619.6,607.95,43.742824339839316
AXISCADES,83.4,83.8,82.2,82.7,83.45,0.0
AXISGOLD,2825.0,2825.0,2805.0,2824.15,2826.0,78.05413313825893
AXISNIFTY,1120.0,1129.0,1079.07,1092.28,1129.0,44.01681334559296
AYMSYNTEX,41.85,41.9,40.2,41.0,41.35,0.0
BAFNAPHARM,11.45,11.75,11.3,11.5,11.4,0.0
BAGFILMS,4.8,4.9,4.8,4.85,4.85,0.0
BAJAJ-AUTO,2714.0,2742.0,2702.1,2734.2,2701.35,59.70930232558129
BAJAJCORP,377.0,384.75,374.1,382.5,375.9,92.02226345083477
BAJAJELEC,498.25,501.8,484.6,490.05,497.75,40.73139974779322
BAJAJFINSV,6419.95,6460.0,6357.0,6410.45,6383.3,30.47518479408656
BAJAJHIND,9.2,9.3,9.05,9.1,9.15,0.0
BAJAJHLDNG,2960.05,3000.0,2948.0,2951.65,2977.25,62.05882352941175
BAJFINANCE,2601.0,2611.9,2563.65,2576.05,2586.2,21.43898881866781
BALAJITELE,90.05,91.55,89.0,89.8,89.35,32.92682926829258
BALAMINES,453.15,456.55,450.0,452.0,452.85,49.429657794676686
BALKRISHNA,50.2,50.85,49.0,49.45,50.15,0.0
BALKRISIND,901.05,908.7,885.15,891.8,900.75,29.696394686906956
BALLARPUR,5.45,5.5,5.4,5.45,5.45,0.0
BALMLAWRIE,198.25,201.3,196.85,200.15,197.35,46.39639639639649
BALPHARMA,82.3,83.0,78.8,79.85,81.35,53.08641975308625
BALRAMCHIN,108.0,113.0,107.4,109.2,107.65,0.0
BANARBEADS,46.15,49.35,46.15,47.6,47.25,47.56097560975607
BANARISUG,1530.3,1530.3,1481.95,1493.95,1501.4,58.63602668643443
BANCOINDIA,182.75,184.95,181.85,184.55,182.55,35.39823008849572
BANDHANBNK,534.25,541.7,527.05,528.9,533.8,42.85714285714282
BANG,58.0,62.9,57.2,61.0,58.6,51.020408163265294
BANKBARODA,120.4,122.4,118.5,121.7,119.3,60.79295154185023
BANKBEES,2757.95,2780.0,2742.85,2774.75,2749.46,53.0590717299579
BANKINDIA,106.1,109.3,105.3,108.7,105.75,71.75141242937852
BANSAL,30.25,30.25,30.25,30.25,28.85,0.0
BANSWRAS,82.85,82.85,79.75,80.1,80.5,33.606557377049086
BARTRONICS,7.25,7.35,7.25,7.25,7.25,0.0
BASF,1550.0,1556.95,1530.05,1543.8,1556.95,26.816539542352416
BASML,205.0,219.75,204.95,205.8,204.95,42.32804232804226
BATAINDIA,1121.0,1125.05,1094.0,1116.5,1113.0,11.986301369863
BAYERCROP,4219.0,4279.35,4180.0,4245.25,4214.1,32.14788732394362
BBL,1158.4,1160.05,1148.0,1150.9,1150.65,21.815519765739467
BBTC,1303.0,1308.8,1282.0,1291.65,1298.65,12.533692722371711
BCG,2.65,2.7,2.6,2.7,2.65,0.0
BCONCEPTS,34.5,35.1,34.5,35.1,36.0,0.0
BDL,273.05,279.25,273.05,275.15,277.7,42.3999999999999
BEARDSELL,24.0,24.5,23.25,23.95,23.8,52.06611570247936
BEDMUTHA,21.65,22.5,21.65,22.4,22.2,0.0
BEL,88.9,92.15,88.5,91.85,88.8,78.51851851851848
BEML,890.0,896.5,860.0,880.6,886.65,29.179104477611915
BEPL,88.5,90.6,87.2,88.55,89.05,37.61467889908249
BERGEPAINT,323.7,329.85,320.7,323.1,325.1,18.723404255319053
BETA,78.0,78.0,75.35,75.45,78.0,0.0
BFINVEST,250.5,255.4,245.45,247.55,249.15,65.27545909849752
BFUTILITIE,224.1,225.5,217.6,220.55,223.0,82.32189973614777
BGLOBAL,2.85,2.95,2.8,2.95,2.9,0.0
BGRENERGY,59.6,60.65,58.6,59.95,59.85,0.0
BHAGERIA,285.5,286.0,280.2,282.8,283.45,28.73563218390808
BHAGYANGR,32.1,33.85,32.05,33.55,32.05,75.78947368421053
BHAGYAPROP,28.0,29.05,27.65,28.6,28.25,37.49999999999995
BHANDARI,2.05,2.1,2.0,2.05,2.05,0.0
BHARATFIN,990.0,1000.5,982.45,988.65,992.9,24.72613458528967
BHARATFORG,488.95,494.4,483.05,487.15,487.5,13.45454545454541
BHARATGEAR,162.35,163.5,160.1,162.3,162.25,21.4876033057849
BHARATIDIL,2.85,2.9,2.85,2.9,2.95,0.0
BHARATRAS,5229.6,5290.0,5201.1,5278.45,5262.7,56.160896130346174
BHARATWIRE,69.75,70.75,66.8,69.25,69.75,51.68539325842698
BHARTIARTL,312.45,324.7,312.45,322.45,313.5,57.58122743682297
BHEL,70.8,71.85,70.05,71.4,70.75,19.266055045871497
BIGBLOC,36.2,36.25,35.0,35.3,35.85,0.0
BIL,230.0,232.95,225.0,227.2,233.0,35.92814371257484
BILENERGY,0.45,0.55,0.45,0.5,0.5,0.0
BINANIIND,71.85,71.85,70.15,70.8,71.35,0.0
BINDALAGRO,17.5,17.55,17.05,17.4,17.35,0.0
BIOCON,613.1,619.85,607.25,618.55,612.0,46.46781789638931
BIOFILCHEM,6.75,7.2,6.75,6.8,7.1,0.0
BIRLACABLE,196.5,198.5,190.95,197.1,195.7,38.8
BIRLACORPN,592.3,592.9,579.85,585.65,588.7,14.159292035398622
BIRLAMONEY,59.0,59.25,56.4,57.0,58.7,54.666666666666686
BKMINDST,7.4,7.55,7.2,7.25,7.55,0.0
BLBLIMITED,5.2,5.5,5.2,5.5,5.2,0.0
BLISSGVS,158.2,164.8,158.2,162.45,159.6,62.47086247086245
BLKASHYAP,20.6,20.6,19.9,20.0,20.7,0.0
BLS,117.4,119.15,116.1,118.45,116.65,51.56250000000002
BLUEBLENDS,4.1,4.35,4.1,4.3,4.2,0.0
BLUEDART,3333.0,3374.85,3301.0,3348.85,3358.85,61.52934202726734
BLUEDART,10.89,10.89,10.89,10.89,10.9,61.52934202726734
BLUESTARCO,628.0,629.9,616.05,621.55,623.8,62.237762237762276
BODALCHEM,115.35,119.9,115.35,117.6,115.3,95.12195121951224
BOHRA,28.5,28.5,28.5,28.5,28.9,0.0
BOMDYEING,110.95,115.0,109.0,111.1,110.15,22.346368715083827
BOROSIL,230.4,233.2,228.85,229.45,232.35,46.889952153110016
BOSCHLTD,19300.0,19493.25,19217.3,19438.75,19299.85,29.628839590443818
BPCL,351.8,361.7,351.5,359.45,352.5,42.30055658627081
BPL,40.25,40.6,39.15,39.5,40.15,0.0
BRFL,10.2,10.2,9.3,9.35,9.75,0.0
BRIGADE,213.85,215.45,210.0,212.8,213.85,21.86379928315418
BRIGHT,33.25,33.25,33.25,33.25,31.65,0.0
BRITANNIA,3137.95,3159.2,3105.55,3122.7,3135.9,66.06905710491353
BRNL,110.0,113.4,104.95,105.85,111.15,0.0
BROOKS,59.95,59.95,57.25,57.75,59.1,0.0
BSE,594.0,600.45,591.9,598.4,593.8,71.08910891089094
BSELINFRA,2.05,2.15,2.05,2.1,2.05,0.0
BSHSL,130.0,130.0,130.0,130.0,127.0,0.0
BSL,42.9,44.0,42.8,43.75,43.25,43.54838709677422
BSLGOLDETF,3018.0,3018.0,2961.0,2963.75,2961.0,58.5489146595302
BSLNIFTY,116.5,116.5,114.3,114.48,115.52,53.865336658354316
BURNPUR,4.1,4.1,3.95,4.0,4.05,0.0
BUTTERFLY,259.0,271.95,255.0,262.85,257.1,55.01156515034697
BVCL,16.8,16.8,16.6,16.6,16.8,0.0
BYKE,65.15,65.35,64.4,64.95,65.05,45.736434108527156
CADILAHC,345.0,345.0,339.0,344.2,343.65,40.59829059829044
CALSOFT,21.3,21.95,20.0,21.35,20.95,0.0
CAMLINFINE,52.85,53.6,52.3,52.8,52.8,0.0
CANBK,278.0,285.5,274.2,282.95,276.3,58.22222222222207
CANDC,29.4,29.4,27.5,27.95,28.0,56.989247311827945
CANFINHOME,277.25,281.75,273.75,280.5,276.9,18.701298701298768
CANTABIL,125.5,128.4,125.5,127.9,127.5,0.0
CAPACITE,248.2,248.8,245.0,245.55,248.9,17.88079470198673
CAPLIPOINT,378.1,382.0,378.1,380.2,381.9,0.0
CAPTRUST,188.6,196.75,188.6,190.6,197.4,30.324074074074034
CARBORUNIV,360.1,367.95,360.1,366.0,364.45,71.2765957446811
CAREERP,77.05,79.55,76.2,76.7,78.45,31.818181818181912
CARERATING,979.95,986.6,974.0,976.2,979.95,46.01226993865046
CASTEXTECH,1.2,1.25,1.15,1.15,1.2,0.0
CASTROLIND,146.9,149.4,146.2,148.25,146.9,21.428571428571402
CCCL,2.25,2.45,2.25,2.35,2.35,0.0
CCHHL,7.55,7.7,7.4,7.65,7.55,0.0
CCL,269.75,271.95,269.25,270.8,270.3,0.0
CDSL,231.05,232.0,227.0,229.35,230.35,87.551867219917
CEATLTD,1290.0,1314.5,1268.8,1309.55,1288.3,60.13215859030835
CEBBCO,25.1,27.2,25.0,27.2,25.95,55.55555555555557
CELEBRITY,9.3,9.45,9.3,9.3,9.45,0.0
CELESTIAL,8.5,8.7,8.25,8.3,8.45,0.0
CENTENKA,261.05,263.15,258.0,259.1,260.65,13.186813186813112
CENTEXT,7.45,7.45,7.05,7.35,7.3,0.0
CENTRALBK,36.95,36.95,35.55,35.75,36.95,0.0
CENTRUM,36.0,36.25,35.25,35.45,35.8,47.142857142857196
CENTUM,342.05,342.05,335.0,335.65,340.05,41.269841269841265
CENTURYPLY,172.0,174.95,169.0,171.3,171.65,0.0
CENTURYTEX,903.6,912.0,884.5,908.35,898.15,36.49167733674789
CERA,2389.9,2495.0,2358.1,2465.4,2378.3,86.98099929627023
CEREBRAINT,29.35,30.0,29.3,29.65,29.05,48.611111111111185
CES1RPG,9.26,9.26,9.1,9.19,9.32,0.0
CESC,655.85,662.0,647.05,656.45,653.7,19.191919191919084
CGCL,131.1,133.7,129.6,132.15,131.5,61.90476190476188
CGPOWER,43.4,44.55,43.1,44.3,43.35,0.0
CHAMBLFERT,150.55,156.0,150.0,155.25,151.85,71.10389610389619
CHEMFAB,157.5,161.25,151.25,151.6,156.2,37.17105263157889
CHENNPETRO,280.2,291.0,278.95,288.3,281.35,47.48700173310227
CHOLAFIN,1200.0,1226.45,1192.0,1207.6,1200.45,25.189393939393767
CHROMATIC,0.95,1.0,0.95,1.0,0.95,0.0
CIGNITITEC,377.05,379.5,370.0,375.65,373.4,73.95061728395066
CIMMCO,39.6,40.35,38.1,39.6,39.3,34.81481481481484
CINELINE,47.45,48.5,47.45,47.8,48.5,0.0
CINEVISTA,6.0,6.35,6.0,6.15,6.2,0.0
CIPLA,513.0,514.9,508.05,512.8,512.4,20.760233918128506
CLEDUCATE,117.45,123.5,115.05,116.2,117.45,0.0
CLNINDIA,414.0,415.4,410.0,410.55,413.25,49.27113702623907
CMICABLES,181.85,181.85,169.0,170.55,179.65,67.26094003241494
CMMIPL,11.4,11.4,11.4,11.4,11.7,0.0
CNOVAPETRO,22.4,22.4,21.05,21.5,22.25,0.0
COALINDIA,234.1,237.7,233.75,236.5,235.0,14.563106796116486
COCHINSHIP,368.5,370.1,366.7,369.0,368.5,0.0
COFFEEDAY,273.05,273.75,267.3,269.85,272.3,24.152542372881513
COLPAL,1314.05,1328.3,1308.1,1310.1,1314.25,43.8532110091742
COMPINFO,22.4,22.5,21.6,21.95,21.9,0.0
COMPUSOFT,10.9,11.0,10.75,10.8,10.9,0.0
CONCOR,670.7,681.85,668.2,678.05,670.0,58.47176079734217
CONSOFINVT,44.2,49.0,43.0,48.5,47.5,0.0
CONTROLPR,311.6,315.05,306.0,307.45,307.1,83.58974358974393
CORALFINAC,15.35,15.65,15.15,15.25,15.65,0.0
CORDSCABLE,61.25,64.6,61.25,63.45,62.6,0.0
COROMANDEL,449.3,472.0,449.3,469.55,451.15,89.65517241379311
CORPBANK,28.85,29.35,28.65,29.05,28.6,0.0
COSMOFILMS,217.5,220.05,212.7,215.1,213.0,46.73913043478265
COUNCODOS,2.4,2.45,2.4,2.4,2.5,0.0
COX&KINGS,169.0,171.85,165.35,171.2,169.65,69.87341772151895
CPSEETF,23.1,24.05,23.1,24.01,23.77,0.0
CREATIVE,112.5,112.5,112.5,112.5,111.0,0.0
CREATIVEYE,2.8,2.8,2.8,2.8,2.8,0.0
CREDITACC,383.45,386.5,381.3,385.5,381.05,68.23204419889507
CREST,143.75,146.3,142.25,143.7,144.95,67.74193548387092
CRISIL,1639.75,1639.75,1608.9,1626.4,1638.0,71.67277167277177
CRMFGETF,3000.0,3005.0,3000.0,3002.5,2955.0,0.0
CROMPTON,227.8,231.3,223.25,225.35,228.95,53.506493506493484
CTE,41.1,45.2,41.1,45.2,41.1,57.74647887323938
CUB,194.0,196.25,192.8,195.0,192.7,80.65843621399164
CUBEXTUB,14.55,14.55,14.55,14.55,15.2,0.0
CUMMINSIND,834.1,842.0,825.95,831.9,834.75,0.0
CUPID,157.8,158.8,155.05,157.4,156.4,20.588235294117695
CURATECH,1.15,1.15,1.15,1.15,1.2,0.0
CYBERMEDIA,8.8,8.8,8.8,8.8,8.8,0.0
CYBERTECH,42.55,42.85,41.95,42.5,42.05,0.0
CYIENT,618.05,619.8,604.05,609.0,621.35,38.39662447257386
DAAWAT,42.15,43.4,41.65,42.25,42.65,52.272727272727224
DABUR,423.0,425.45,416.9,419.25,422.0,22.22222222222227
DALMIASUG,95.15,98.7,94.55,95.6,95.05,79.8319327731092
DAMODARIND,44.3,46.5,44.3,45.0,44.3,35.820895522387914
DATAMATICS,113.2,114.0,111.2,111.85,112.05,67.595818815331
DBCORP,168.0,170.45,165.05,167.85,167.55,27.94117647058809
DBL,419.5,422.25,410.1,412.75,417.15,30.44692737430165
DBREALTY,31.45,31.6,30.05,30.65,31.35,64.70588235294113
DCAL,232.2,236.3,230.2,235.7,231.9,52.45901639344261
DCBBANK,168.4,175.35,166.7,173.8,168.45,91.0614525139664
DCM,72.05,74.45,72.05,73.85,73.1,39.08045977011481
DCMSHRIRAM,344.0,352.85,343.05,347.6,344.15,92.03980099502482
DCW,18.15,18.35,18.0,18.05,18.1,0.0
DECCANCE,389.95,400.0,389.0,397.95,389.85,40.75342465753421
DEEPAKFERT,142.55,144.5,141.15,143.25,142.25,0.0
DEEPAKNTR,220.4,222.85,218.65,220.9,219.0,64.72727272727278
DEEPIND,123.05,124.5,120.35,123.2,123.65,0.0
DELTACORP,249.65,260.65,245.65,259.05,248.6,69.81132075471697
DELTAMAGNT,78.0,78.25,78.0,78.0,78.4,0.0
DEN,70.1,70.55,70.0,70.35,70.1,0.0
DENABANK,14.25,14.65,14.2,14.3,14.4,0.0
DENORA,255.5,261.7,255.5,259.65,254.85,62.57142857142861
DEVIT,74.75,74.9,74.75,74.75,75.1,0.0
DFMFOODS,205.7,206.0,194.0,202.5,205.35,37.8151260504203
DHAMPURSUG,168.0,173.8,167.15,169.65,168.4,92.54901960784301
DHANBANK,16.7,16.9,16.3,16.55,16.65,0.0
DHANUKA,434.95,434.95,422.3,428.6,433.3,6.589147286821742
DHARSUGAR,11.6,12.1,11.55,11.85,11.6,0.0
DHFL,235.2,239.3,230.35,238.05,235.65,45.43650793650797
DHFL,850.0,976.5,850.0,976.5,1000.0,45.43650793650797
DHFL,990.0,990.0,981.0,989.88,994.0,45.43650793650797
DHFL,920.05,924.85,920.0,924.85,920.0,45.43650793650797
DHFL,950.0,951.0,950.0,950.5,960.0,45.43650793650797
DHFL,920.0,933.0,917.0,925.0,920.16,45.43650793650797
DHFL,1211.0,1211.0,1211.0,1211.0,1211.0,45.43650793650797
DHFL,1190.0,1190.0,1190.0,1190.0,1162.25,45.43650793650797
DHFL,850.0,1010.0,850.0,990.0,1010.0,45.43650793650797
DHFL,992.5,992.5,992.5,992.5,992.5,45.43650793650797
DHFL,929.0,929.0,911.0,912.0,931.0,45.43650793650797
DHFL,925.0,930.0,925.0,929.61,925.35,45.43650793650797
DHFL,974.45,974.45,974.45,974.45,978.99,45.43650793650797
DHFL,929.97,930.0,929.97,930.0,910.15,45.43650793650797
DHFL,900.1,905.0,900.1,904.99,909.0,45.43650793650797
DHFL,942.0,942.0,942.0,942.0,906.8,45.43650793650797
DHUNINV,255.05,255.05,255.05,255.05,260.0,53.78151260504217
DIAMONDYD,1026.6,1049.7,1021.0,1044.8,1030.05,69.62719298245594
DIAPOWER,1.65,1.65,1.6,1.6,1.65,0.0
DICIND,376.6,381.7,372.15,376.65,377.6,33.53846153846159
DIGJAMLTD,4.55,4.65,4.45,4.6,4.5,0.0
DISHTV,37.75,40.55,37.55,39.55,37.95,58.181818181817974
DIVISLAB,1437.9,1471.2,1428.25,1460.5,1437.9,45.95410628019321
DIXON,2038.0,2055.0,2032.65,2044.2,2036.25,38.767281105990705
DLF,173.05,175.8,170.65,175.15,172.45,39.7810218978103
DLINKINDIA,76.2,81.0,75.0,75.75,74.85,58.60655737704913
DMART,1583.0,1585.7,1561.05,1577.75,1575.9,15.597147950089123
DNAMEDIA,7.05,7.05,6.8,6.8,7.15,0.0
DOLLAR,324.4,324.9,310.0,313.15,324.4,64.9776453055141
DOLPHINOFF,51.15,51.65,50.0,50.7,51.0,0.0
DONEAR,37.0,38.0,36.65,36.9,36.95,0.0
DPABHUSHAN,44.0,44.0,43.0,43.0,45.95,0.0
DPSCLTD,14.0,14.0,12.65,13.0,13.85,0.0
DQE,7.65,7.95,7.35,7.8,7.5,0.0
DREDGECORP,453.0,457.9,422.4,436.45,453.85,74.63823305407463
DRREDDY,2580.0,2606.0,2562.0,2600.0,2577.35,33.70535714285714
DSML,14.7,14.7,14.7,14.7,15.45,0.0
DSSL,35.2,35.8,34.3,34.55,35.15,0.0
DTIL,249.65,249.65,237.65,243.05,243.6,65.24390243902441
DUCON,12.7,12.75,12.4,12.5,12.6,0.0
DVL,107.55,109.0,106.1,106.95,108.05,0.0
DWARKESH,23.2,23.9,23.2,23.9,22.8,0.0
DYNAMATECH,1505.4,1525.0,1444.0,1458.95,1496.0,31.29420084865633
DYNPRO,130.0,133.6,128.5,129.5,131.35,39.89637305699491
EASTSILK,2.6,2.8,2.6,2.8,2.7,0.0
EASUNREYRL,6.0,6.0,5.6,6.0,5.75,0.0
ECEIND,235.95,235.95,225.05,235.0,235.0,71.99999999999989
ECLERX,1075.65,1081.15,1074.0,1074.4,1078.55,30.472854640980543
ECLFINANCE,1001.0,1001.0,1000.0,1000.7,999.06,0.0
ECLFINANCE,1789.9,1789.9,1785.25,1785.25,1785.0,0.0
ECLFINANCE,1022.05,1034.0,1022.05,1029.2,1029.98,0.0
ECLFINANCE,1740.0,1740.0,1740.0,1740.0,1730.01,0.0
ECLFINANCE,1004.0,1004.0,1004.0,1004.0,1005.0,0.0
ECLFINANCE,976.0,976.0,976.0,976.0,967.0,0.0
ECLFINANCE,987.0,987.0,987.0,987.0,987.0,0.0
ECLFINANCE,970.0,982.0,970.0,974.2,975.0,0.0
ECLFINANCE,992.0,994.0,992.0,994.0,983.0,0.0
EDELWEISS,175.7,183.8,175.7,182.25,176.75,48.60139860139848
EDL,9.05,9.2,8.9,8.9,8.9,0.0
EDUCOMP,2.7,2.75,2.6,2.65,2.7,0.0
EHFLNCD,1025.0,1038.0,1025.0,1038.0,1025.0,0.0
EHFLNCD,1010.0,1010.0,1010.0,1010.0,1010.0,0.0
EHFLNCD,998.0,998.0,998.0,998.0,998.0,0.0
EHFLNCD,1002.0,1002.0,1002.0,1002.0,1003.0,0.0
EICHERMOT,20325.0,20648.05,20001.0,20103.6,20211.45,2.2450592885375613
EIDPARRY,205.95,211.5,204.6,209.05,205.95,87.9310344827584
EIFFL,116.5,116.5,115.7,115.7,116.15,0.0
EIHAHOTELS,391.1,400.0,390.55,392.65,392.3,0.0
EIHOTEL,184.0,190.45,184.0,188.15,185.5,17.096774193548427
EIMCOELECO,400.0,406.0,391.6,399.6,398.4,34.46327683615823
EKC,31.6,32.6,30.95,31.4,31.8,43.749999999999964
ELAND,6.0,6.45,5.9,6.4,6.2,0.0
ELECON,66.2,67.1,65.55,66.65,66.2,0.0
ELECTCAST,21.3,21.35,20.85,21.05,21.3,0.0
ELECTHERM,150.6,151.25,148.0,150.1,150.95,32.45033112582786
ELGIEQUIP,255.05,255.45,250.5,252.45,254.45,0.0
ELGIRUBCO,27.05,27.7,26.8,27.05,27.1,0.0
EMAMILTD,422.6,423.25,414.0,418.75,421.85,72.22222222222226
EMAMIREAL,144.85,150.8,144.8,146.65,147.0,48.000000000000114
EMCO,7.2,7.25,6.65,7.0,7.0,0.0
EMKAY,101.5,105.4,101.5,104.6,102.0,44.51219512195117
EMMBI,133.5,135.0,130.0,131.4,132.15,83.71040723981892
EMOFSR1RDP,7.36,7.36,7.36,7.36,7.35,0.0
EMOFSR1RGG,7.26,7.34,7.26,7.34,7.5,0.0
ENDURANCE,1247.55,1258.75,1234.55,1239.75,1246.7,58.356676003734876
ENERGYDEV,10.4,10.5,9.75,9.9,10.25,0.0
ENGINERSIN,125.0,127.45,124.0,126.9,124.85,51.38888888888891
ENIL,613.05,620.0,613.0,618.8,619.4,70.14218009478644
EON,40.8,48.35,40.35,48.35,40.3,86.55913978494624
EQ30,294.48,294.48,282.0,285.3,282.01,65.31791907514454
EQUITAS,123.0,124.1,119.15,120.1,123.0,0.0
ERFLNCDI,951.0,960.0,951.0,960.0,925.0,0.0
ERFLNCDI,1015.0,1020.0,1015.0,1017.5,1010.0,0.0
ERFLNCDI,995.0,1004.9,995.0,1002.78,984.0,0.0
ERFLNCDI,910.0,910.0,910.0,910.0,909.0,0.0
ERIS,684.85,710.5,679.45,682.1,678.8,47.86666666666663
EROSMEDIA,86.1,86.55,83.5,84.15,86.25,0.0
ESABINDIA,884.0,905.0,880.2,896.5,877.4,50.46783625730991
ESCORTS,726.7,729.8,715.25,723.85,722.2,73.20675105485239
ESSARSHPNG,12.55,12.6,12.25,12.4,12.4,0.0
ESSDEE,21.0,22.0,20.95,21.55,22.05,0.0
ESSELPACK,106.95,110.35,106.0,107.95,107.2,37.16216216216221
ESTER,36.0,36.7,35.6,36.15,36.1,0.0
EUROCERA,1.9,1.9,1.9,1.9,1.9,0.0
EUROMULTI,1.15,1.15,1.15,1.15,1.2,0.0
EUROTEXIND,19.65,21.2,19.65,21.15,20.2,0.0
EVEREADY,185.0,185.0,181.3,182.05,183.1,0.0
EVERESTIND,502.0,505.95,497.0,499.25,502.0,36.06060606060599
EXCEL,3.05,3.15,3.0,3.05,3.1,0.0
EXCELCROP,3738.0,3738.0,3661.65,3674.5,3731.85,46.31197097944374
EXCELINDUS,1465.0,1469.95,1435.0,1445.65,1454.0,34.03982016698784
EXIDEIND,258.0,260.25,254.75,258.75,257.5,26.408450704225373
FACT,41.85,49.4,40.6,45.15,41.55,80.89887640449449
FAIRCHEM,350.05,360.0,346.25,349.55,350.05,0.0
FCL,35.45,35.8,34.55,34.7,35.45,0.0
FCONSUMER,44.75,45.1,44.05,44.4,44.75,0.0
FCSSOFT,0.2,0.25,0.2,0.2,0.2,0.0
FDC,173.0,174.95,171.0,173.7,172.85,0.0
FEDERALBNK,93.25,95.15,92.2,94.8,92.0,60.13071895424836
FEL,37.4,37.85,36.85,37.1,36.85,0.0
FELDVR,37.2,38.0,36.45,37.05,36.6,0.0
FIEMIND,507.4,507.4,495.55,502.2,501.75,34.76347634763481
FILATEX,57.5,60.35,57.0,60.0,57.05,51.04166666666665
FINCABLES,448.15,454.0,448.15,451.85,449.8,17.67241379310343
FINEORG,1211.0,1211.95,1186.6,1203.7,1200.45,77.14285714285722
FINPIPE,528.05,536.0,525.1,533.5,531.1,21.316614420062848
FLEXITUFF,44.0,44.45,43.0,44.35,44.95,0.0
FLFL,390.45,398.5,386.55,390.2,394.4,47.39093242087253
FMGOETZE,502.0,502.0,497.1,500.05,498.8,76.64974619289364
FMNL,57.35,59.0,56.2,57.6,56.25,20.00000000000003
FOCUS,174.0,174.0,174.0,174.0,166.45,0.0
FORTIS,140.3,141.2,139.25,140.3,140.75,70.45454545454524
FOSECOIND,1398.05,1400.05,1375.1,1379.35,1400.0,17.09331131296436
FRETAIL,465.0,468.0,441.25,448.0,460.0,0.0
FSC,657.0,657.0,653.05,654.7,654.0,0.0
FSL,47.0,47.2,46.25,46.8,46.85,48.571428571428555
GABRIEL,145.0,145.0,140.9,144.7,143.85,85.05338078291817
GAEL,244.15,244.6,236.2,237.8,243.15,46.599496221662406
GAIL,350.25,353.9,347.55,353.15,349.95,42.588235294117545
GAL,6.45,6.8,6.4,6.55,6.6,0.0
GALAXYSURF,1220.05,1224.8,1210.0,1220.0,1220.0,68.99109792284884
GALLANTT,55.15,56.55,54.05,54.7,55.1,31.99999999999993
GALLISPAT,33.0,33.0,32.35,32.65,32.85,0.0
GAMMNINFRA,0.65,0.7,0.65,0.65,0.7,0.0
GANDHITUBE,377.1,385.0,377.0,384.0,379.7,67.02127659574467
GANECOS,288.5,290.0,283.0,289.05,288.3,0.0
GANESHHOUC,68.85,69.7,67.25,67.7,68.9,54.87804878048779
GANGAFORGE,24.25,24.25,24.25,24.25,24.25,0.0
GANGESSECU,43.6,46.7,43.6,46.5,45.0,0.0
GANGOTRI,1.9,1.9,1.9,1.9,2.0,0.0
GARDENSILK,24.0,24.35,23.5,23.6,24.0,40.50632911392404
GARFIBRES,1182.45,1193.45,1180.0,1185.5,1188.7,53.317720530835274
GATI,84.05,84.6,82.3,83.7,84.05,0.0
GAYAHWS,1.0,1.0,0.95,1.0,1.0,0.0
GAYAPROJ,177.7,180.4,174.5,178.45,177.1,34.15841584158416
GDL,124.4,124.45,121.1,121.9,123.25,0.0
GEECEE,130.0,130.0,125.1,126.3,127.8,29.62962962962976
GEMINI,0.15,0.2,0.15,0.2,0.2,0.0
GENESYS,135.1,138.6,134.7,137.65,136.3,56.19834710743801
GENUSPAPER,9.5,9.6,8.8,9.25,9.45,66.66666666666666
GENUSPOWER,29.2,30.0,28.9,29.65,28.95,0.0
GEOJITFSL,45.0,45.3,44.0,44.55,44.55,0.0
GEPIL,817.0,820.0,804.55,815.9,814.95,40.81346423562434
GESHIP,319.45,322.5,310.1,319.45,317.75,78.57142857142864
GET&D,294.05,306.0,289.55,303.1,295.55,60.2391629297459
GHCL,242.75,247.7,240.0,243.75,241.75,66.81818181818203
GICHSGFIN,255.4,259.0,254.1,257.75,254.8,50.83798882681567
GICRE,261.15,264.0,260.85,263.0,261.15,78.85462555066098
GILLANDERS,57.7,57.7,56.1,56.1,56.5,39.06250000000005
GILLETTE,6499.0,6500.0,6449.95,6494.15,6484.95,46.73452078032276
GINNIFILA,17.25,17.3,16.7,16.9,17.1,0.0
GIPCL,78.5,79.5,77.05,78.1,78.85,44.89795918367347
GIRIRAJ,41.0,44.4,41.0,44.4,40.5,0.0
GKWLIMITED,930.9,930.9,900.0,900.05,925.0,19.098457888493485
GLAXO,1478.3,1482.0,1439.95,1450.0,1472.05,4.806991988346624
GLENMARK,660.5,666.0,656.0,664.25,661.55,7.124010554089821
GLOBALVECT,63.45,65.0,61.7,63.2,62.4,19.178082191780703
GLOBOFFS,13.7,14.0,13.45,13.7,13.8,0.0
GLOBUSSPR,161.15,161.15,155.0,155.85,160.05,24.028268551236778
GMBREW,660.0,660.0,625.35,631.6,722.55,36.95602642971065
GMDCLTD,88.9,89.7,87.55,89.45,88.15,43.96551724137928
GMMPFAUDLR,1183.2,1196.55,1173.4,1180.3,1169.65,30.92592592592571
GMRINFRA,15.7,15.95,15.4,15.85,15.65,0.0
GNA,358.9,362.25,352.6,360.1,354.25,61.03896103896133
GNFC,341.3,343.6,338.15,342.55,342.35,48.264984227129474
GOACARBON,564.0,571.95,553.15,556.4,562.35,62.68248175182479
GOCLCORP,295.9,297.0,285.05,290.35,291.25,20.108695652173694
GODFRYPHLP,880.9,899.95,850.0,893.3,873.85,56.29877369007815
GODREJAGRO,500.0,501.35,494.0,497.9,498.85,45.49999999999985
GODREJCP,814.35,817.0,795.1,803.4,814.9,34.44676409185797
GODREJIND,533.65,543.45,530.25,540.7,532.25,54.34083601286179
GODREJPROP,680.0,691.0,670.65,679.3,677.05,63.484486873508345
GOENKA,0.4,0.4,0.3,0.35,0.35,0.0
GOKEX,77.55,78.4,77.0,78.2,77.3,0.0
GOKUL,14.1,14.3,13.55,13.9,14.05,0.0
GOKULAGRO,14.6,14.7,14.2,14.35,14.9,0.0
GOLDBEES,2844.95,2858.9,2826.0,2829.8,2847.05,59.880239520958376
GOLDENTOBC,49.05,49.05,47.0,49.05,46.75,0.0
GOLDIAM,83.6,83.65,79.0,79.8,81.95,30.625000000000043
GOLDSHARE,2853.0,2868.0,2833.0,2840.2,2853.45,69.75999999999985
GOLDTECH,15.7,16.45,15.3,16.35,15.85,0.0
GOODLUCK,68.15,68.15,66.0,67.6,66.85,51.28205128205121
GPIL,270.1,278.05,266.6,269.55,270.5,58.89084507042256
GPPL,101.5,102.65,100.2,100.45,101.7,0.0
GPTINFRA,53.45,53.7,51.0,53.3,53.15,50.0
GRANULES,89.85,90.9,88.35,90.3,89.9,42.85714285714319
GRAPHITE,739.9,747.45,720.1,729.15,740.15,0.0
GRASIM,802.1,810.8,793.0,806.15,799.7,29.802699896157733
GRAVITA,76.85,76.85,73.6,74.1,74.4,0.0
GREAVESCOT,116.8,118.4,116.25,117.9,116.95,0.0
GREENLAM,884.05,884.05,870.4,874.05,892.0,21.40350877192992
GREENPLY,136.35,139.15,136.1,136.6,137.35,25.274725274725327
GREENPOWER,6.25,6.35,6.15,6.2,6.25,0.0
GRINDWELL,555.15,569.0,541.2,556.15,554.0,51.70068027210883
GROBTEA,587.0,619.4,571.0,587.3,603.0,40.616740088105644
GRPLTD,1082.0,1145.0,1036.0,1063.0,1082.4,62.02124235597037
GRSE,92.45,94.7,91.8,92.45,93.65,0.0
GRUH,323.0,325.35,315.05,319.5,322.2,70.17543859649123
GSCLCEMENT,23.5,24.5,23.5,24.1,23.95,0.0
GSFC,110.8,113.1,110.05,112.6,110.5,48.69565217391305
GSKCONS,7451.1,7538.95,7400.0,7449.85,7483.15,0.0
GSPL,171.05,171.05,167.5,170.0,170.45,13.333333333333258
GSS,133.0,133.65,129.1,129.95,132.6,51.41242937853091
GTL,5.5,5.7,5.4,5.55,5.6,0.0
GTLINFRA,0.85,0.9,0.8,0.9,0.85,0.0
GTNIND,10.2,10.2,9.5,9.65,9.8,0.0
GTNTEX,10.5,10.5,10.5,10.5,10.3,0.0
GTPL,85.35,85.95,84.3,84.7,85.45,12.650602409638537
GUFICBIO,93.85,94.7,92.35,93.45,93.85,46.2962962962965
GUJALKALI,536.0,538.25,533.05,534.8,535.65,28.861788617886106
GUJAPOLLO,158.05,164.1,158.0,162.0,159.2,50.47169811320752
GUJFLUORO,915.0,915.95,901.05,907.75,912.45,62.90909090909075
GUJGASLTD,665.0,668.8,658.0,661.15,667.8,37.93103448275849
GULFOILLUB,830.9,835.0,820.05,827.95,838.95,55.0161812297734
GULFPETRO,67.7,67.7,66.6,66.9,66.85,0.0
GULPOLY,63.25,64.3,62.75,63.35,63.65,0.0
GVKPIL,7.7,7.9,7.65,7.8,7.75,0.0
H1309S37RQ,10.52,10.7,10.05,10.7,10.61,0.0
HAL,799.95,828.0,781.9,814.7,792.8,71.9890510948905
HARITASEAT,526.05,527.5,525.0,526.85,523.3,60.580912863070765
HARRMALAYA,82.2,84.0,81.0,81.95,82.2,42.1875
HATHWAY,30.65,31.0,30.6,30.75,30.6,0.0
HATSUN,500.0,500.0,500.0,500.0,444.0,88.75878220140524
HATSUN,654.9,675.0,644.1,657.9,643.95,88.75878220140524
HAVELLS,683.2,688.9,672.95,678.55,681.4,22.434367541765866
HAVISHA,0.7,0.7,0.7,0.7,0.7,0.0
HBLPOWER,28.2,28.2,27.1,27.45,28.05,0.0
HBSL,9.45,9.45,9.0,9.0,9.45,0.0
HCC,13.75,13.85,13.3,13.35,13.5,76.78571428571423
HCG,194.0,194.7,186.4,187.5,192.6,0.0
HCL-INSYS,25.6,25.6,24.85,24.95,25.55,0.0
HCLTECH,946.0,950.55,925.0,932.35,948.35,19.04761904761905
HDFC,1948.0,1976.0,1942.0,1972.6,1936.85,47.70527630346546
HDFCAMC,1516.65,1528.8,1512.0,1523.35,1518.9,54.60122699386507
HDFCBANK,2115.25,2128.5,2110.35,2117.45,2111.8,46.081955427749605
HDFCLIFE,392.0,394.95,387.75,393.5,391.3,86.3354037267072
HDFCMFGETF,2912.0,2919.95,2895.0,2900.65,2913.65,71.52917505030244
HDFCNIFETF,1110.85,1120.5,1102.66,1112.21,1102.77,35.76799140708921
HDFCSENETF,3959.0,3959.0,3696.0,3726.0,3717.18,12.180638033420976
HDIL,25.5,26.0,25.2,25.5,25.5,51.02040816326532
HEG,3669.0,3690.05,3640.5,3653.6,3654.9,26.59863945578239
HEIDELBERG,150.0,151.4,148.55,150.85,149.6,46.56488549618307
HERCULES,102.0,103.0,101.2,101.6,101.65,0.0
HERITGFOOD,527.0,527.0,516.15,524.65,522.7,24.840764331209613
HEROMOTOCO,3030.0,3045.0,2972.05,2987.85,3014.65,12.868558831634033
HESTERBIO,1175.95,1199.65,1173.4,1182.0,1179.25,86.54970760233927
HEXATRADEX,25.15,26.0,25.15,26.0,26.1,0.0
HEXAWARE,332.9,333.6,319.25,331.85,330.6,64.61538461538501
HFCL,21.05,21.25,20.95,21.1,21.05,0.0
HGINFRA,211.0,211.0,207.2,207.75,207.0,40.68627450980402
HGS,638.9,652.7,638.8,649.2,645.45,54.47316103379724
HHOF1140RG,8.32,8.32,8.32,8.32,8.04,0.0
HIGHGROUND,9.4,9.5,8.9,9.35,9.1,0.0
HIKAL,151.7,153.0,150.0,151.4,151.2,0.0
HIL,2015.3,2040.95,2015.3,2024.6,2018.05,12.792968749999943
HILTON,21.85,21.9,21.5,21.5,21.9,0.0
HIMATSEIDE,216.45,216.45,210.0,214.8,215.0,31.343283582089526
HINDALCO,210.0,212.4,207.55,210.9,209.2,20.560747663551425
HINDCOMPOS,283.05,290.0,282.0,283.75,288.2,14.749999999999943
HINDCOPPER,50.1,50.65,49.5,50.1,50.3,41.97530864197534
HINDMOTORS,8.1,8.35,8.05,8.15,8.15,60.000000000000014
HINDNATGLS,75.1,81.9,75.1,80.65,79.4,42.8571428571429
HINDOILEXP,118.0,118.1,116.1,116.9,117.05,0.0
HINDPETRO,247.0,251.25,246.35,248.2,248.3,23.63013698630131
HINDUJAVEN,394.85,409.45,391.25,396.75,393.75,26.700898587933224
HINDUNILVR,1798.9,1802.0,1772.15,1781.7,1788.4,7.924921793535276
HINDZINC,269.3,272.45,268.0,271.7,269.5,37.32876712328768
HIRECT,106.95,115.0,102.35,104.65,101.6,25.839793281653783
HISARMETAL,44.05,45.0,43.5,43.5,44.25,26.506024096385545
HITECH,204.8,207.4,196.0,202.95,201.1,50.62761506276149
HITECHCORP,112.1,115.95,112.1,115.2,112.6,72.92817679558011
HITECHGEAR,332.0,332.65,325.5,327.05,331.55,16.46090534979419
HMT,19.5,20.7,19.5,20.7,20.1,0.0
HMVL,128.85,128.85,126.55,127.7,128.3,46.376811594202806
HNGSNGBEES,3153.0,3153.0,3100.01,3111.0,3154.0,28.57623129937815
HONAUT,21718.9,21790.05,21564.05,21608.8,21739.0,27.49272349272337
HONDAPOWER,1087.95,1087.95,1059.1,1064.35,1090.6,56.148491879350345
HOTELEELA,15.2,15.75,15.2,15.4,15.45,0.0
HOTELRUGBY,1.75,1.75,1.75,1.75,1.8,0.0
HOVS,165.95,168.0,164.1,166.8,164.05,30.555555555555557
HPL,61.7,61.85,60.0,60.4,61.2,59.18367346938774
HSCL,131.0,132.1,129.05,130.0,131.3,0.0
HSIL,230.4,233.8,227.6,231.6,230.1,52.509652509652526
HTMEDIA,39.8,39.9,39.0,39.2,39.8,0.0
HUBTOWN,39.75,41.0,39.65,40.6,39.85,23.91304347826089
HUDCO,42.95,43.25,42.35,42.7,42.9,0.0
HUDCO,1205.0,1209.5,1200.0,1200.0,1205.95,0.0
HUDCO,1122.01,1125.4,1119.0,1120.37,1124.7,0.0
HUDCO,1140.0,1145.0,1140.0,1144.5,1138.0,0.0
HUDCO,1070.05,1070.05,1070.0,1070.0,1061.01,0.0
HUDCO,1108.0,1109.0,1100.0,1108.55,1109.0,0.0
HUDCO,1188.0,1188.0,1188.0,1188.0,1190.99,0.0
HUDCO,1293.0,1306.0,1292.01,1305.99,1291.8,0.0
IBREALEST,87.0,87.75,86.1,87.1,87.1,35.59322033898309
IBUCCREDIT,975.0,975.0,975.0,975.0,975.0,0.0
IBUCCREDIT,952.0,952.0,952.0,952.0,944.0,0.0
IBUCCREDIT,920.0,933.0,920.0,933.0,915.0,0.0
IBULHSGFIN,817.5,838.7,814.0,829.8,816.65,32.30209281164693
IBULHSGFIN,999.0,999.0,999.0,999.0,999.0,32.30209281164693
IBULISL,357.0,363.8,354.75,358.0,358.55,0.0
IBVENTURES,231.0,237.8,230.4,235.45,235.0,71.98748043818469
IBVENTURES,394.1,400.0,390.6,394.05,392.95,71.98748043818469
ICEMAKE,71.1,71.1,71.1,71.1,71.95,0.0
ICICI500,144.15,145.13,143.51,144.67,144.37,0.0
ICICIB22,34.8,35.38,34.66,35.32,34.88,0.0
ICICIBANK,361.85,368.8,358.05,365.2,363.25,66.46706586826298
ICICIGI,862.1,874.0,850.5,866.9,868.2,74.36281859070455
ICICIGOLD,28.85,29.5,28.8,28.9,28.85,0.0
ICICILIQ,1000.0,1000.01,999.99,1000.0,1000.0,0.0
ICICILOVOL,85.89,85.97,85.89,85.89,85.93,0.0
ICICIMCAP,68.8,70.0,65.92,66.57,66.13,0.0
ICICINF100,116.59,116.59,115.53,116.5,115.76,0.0
ICICINIFTY,111.95,111.95,110.71,111.76,111.24,0.0
ICICINV20,51.8,51.96,51.35,51.77,51.85,0.0
ICICINXT50,27.92,27.96,27.71,27.86,27.72,0.0
ICICIPRULI,316.95,326.3,316.05,324.7,316.25,43.01310043668122
ICICISENSX,380.0,381.0,373.1,375.34,375.0,30.11542497376719
ICIL,55.95,57.0,55.0,56.65,55.5,0.0
ICRA,3165.95,3199.0,3165.95,3187.45,3150.25,51.16845180136301
IDBI,61.4,61.65,61.25,61.45,61.35,0.0
IDBIGOLD,2970.05,2989.85,2970.0,2974.5,2970.5,72.3423423423425
IDEA,36.1,36.55,35.6,36.2,36.1,0.0
IDFC,42.55,43.85,41.55,43.45,42.3,38.98305084745769
IDFCBANK,43.1,45.55,42.85,45.15,43.05,60.000000000000156
IDFCBANK,4885.0,4925.0,4885.0,4925.0,4925.0,60.000000000000156
IDFCBANK,9065.0,9080.0,9065.0,9080.0,9080.0,60.000000000000156
IDFCBANK,8600.0,8650.0,8557.0,8610.0,8650.0,60.000000000000156
IDFCBANK,8800.0,8819.5,8782.01,8817.08,8795.5,60.000000000000156
IDFCBANK,5179.01,5200.0,5179.01,5200.0,5185.0,60.000000000000156
IDFCBANK,8515.0,8522.0,8515.0,8516.0,8511.0,60.000000000000156
IDFNIFTYET,106.1,106.1,106.1,106.1,106.1,37.04092339979014
IEX,163.9,164.95,161.05,161.5,162.8,24.812030075188034
IFBAGRO,607.0,608.55,594.2,597.85,610.0,27.335164835164832
IFBIND,848.3,849.0,827.25,830.4,832.85,42.83980582524278
IFCI,14.4,14.8,14.15,14.7,14.35,0.0
IFCI,1004.0,1004.0,1004.0,1004.0,1014.45,0.0
IFCI,1420.06,1420.06,1420.06,1420.06,1405.0,0.0
IFCI,999.9,1002.0,999.9,999.99,991.75,0.0
IFCI,1033.0,1034.0,1033.0,1033.81,1033.5,0.0
IFGLEXPOR,235.3,245.05,235.3,243.45,244.95,46.19289340101522
IGARASHI,563.6,563.6,558.2,559.8,561.75,0.0
IGL,273.5,279.75,273.0,278.05,274.3,93.02325581395341
IGPL,397.8,404.85,397.0,399.9,398.4,6.741573033707851
IIFCL,1090.0,1090.0,1090.0,1090.0,1158.0,0.0
IIFCL,1175.2,1175.2,1175.2,1175.2,1180.01,0.0
IIFCL,1268.0,1274.0,1241.0,1242.07,1319.9,0.0
IIFL,507.0,508.5,495.0,501.1,507.4,60.20761245674749
IIHFL,1037.0,1038.75,1037.0,1038.66,1031.18,0.0
IIHFL,1726.0,1735.0,1725.0,1734.0,1715.2,0.0
IITL,74.7,74.7,74.7,74.7,74.9,59.88372093023256
IL&FSENGG,13.95,15.35,13.95,15.25,14.65,0.0
IL&FSTRANS,11.6,12.65,11.45,12.65,12.05,0.0
IMFA,247.15,249.85,242.6,245.25,248.15,42.52873563218393
IMPAL,855.0,860.0,846.0,849.9,860.25,13.647642679900756
IMPEXFERRO,0.35,0.4,0.35,0.4,0.4,0.0
INDBANK,10.9,10.9,10.25,10.35,10.4,0.0
INDHOTEL,144.55,149.8,142.0,143.0,144.5,24.651162790697725
INDIACEM,91.05,93.15,90.45,92.65,90.75,23.31288343558292
INDIAGLYCO,315.4,318.0,307.5,309.0,316.1,54.94505494505495
INDIANB,248.8,251.25,243.75,249.75,245.5,63.92572944297075
INDIANCARD,100.15,102.25,100.1,100.3,101.0,0.0
INDIANHUME,325.95,341.8,320.7,336.2,323.8,38.569206842923755
INDIGO,1156.2,1156.55,1133.4,1143.2,1156.55,0.0
INDIGRID,87.74,87.74,87.3,87.3,86.72,0.0
INDLMETER,48.6,48.6,47.25,47.95,48.6,31.654676258992794
INDNIPPON,445.8,446.35,436.7,437.25,445.2,37.85211267605642
INDOCO,214.55,221.95,214.55,219.2,214.75,57.920792079207786
INDORAMA,29.25,29.9,27.05,27.2,29.2,15.60283687943263
INDOSOLAR,2.45,2.45,2.3,2.3,2.4,0.0
INDOSTAR,342.4,342.4,332.0,335.95,342.4,0.0
INDOTECH,147.1,150.25,130.9,132.15,143.9,75.79814624098867
INDOTHAI,35.4,35.4,34.5,34.9,34.65,0.0
INDOWIND,5.7,5.9,5.7,5.85,5.8,0.0
INDRAMEDCO,38.9,39.3,38.7,39.2,39.0,0.0
INDSWFTLAB,47.85,48.8,47.8,48.05,47.7,0.0
INDSWFTLTD,6.7,6.7,6.3,6.55,6.55,0.0
INDTERRAIN,137.45,138.4,134.0,136.5,136.15,0.0
INDUSINDBK,1560.8,1571.0,1540.2,1548.2,1560.1,23.901712583767676
INEOSSTYRO,682.0,697.15,679.95,692.75,686.9,64.69500924214417
INFIBEAM,45.3,45.55,44.25,45.2,45.35,0.0
INFOBEAN,71.75,71.75,70.5,70.5,71.0,0.0
INFRABEES,322.03,322.03,319.0,321.28,319.09,24.567030147530403
INFRATEL,273.0,288.5,272.0,285.05,271.6,86.68885191347755
INFY,671.75,673.9,651.0,661.05,669.15,59.60591133004894
INGERRAND,593.95,600.95,585.6,594.4,590.4,57.578475336322825
INNOVATIVE,25.2,25.2,25.2,25.2,25.25,0.0
INOXLEISUR,247.95,264.85,245.05,260.95,247.7,88.27433628318582
INOXWIND,76.1,76.55,75.5,76.2,75.9,0.0
INSECTICID,578.95,583.45,565.35,567.75,576.1,56.052344601962886
INSPIRISYS,58.05,58.2,55.5,57.3,57.35,0.0
INTELLECT,223.4,223.4,216.55,217.9,221.15,32.721712538226285
INTENTECH,40.0,40.4,39.1,39.35,39.05,0.0
INVENTURE,14.0,14.1,13.9,14.05,14.0,0.0
IOB,14.6,14.7,14.45,14.55,14.55,0.0
IOC,132.65,134.95,132.5,133.95,132.65,15.95092024539872
IOLCP,172.0,174.35,169.75,171.05,172.55,74.99999999999994
IPAPPM,452.05,453.8,445.7,452.0,451.95,63.77952755905515
IPCALAB,788.0,792.55,775.7,787.0,787.65,54.49612403100772
IRB,156.2,159.4,154.35,158.05,156.2,30.740740740740932
IRBINVIT,69.0,69.3,68.9,69.05,68.91,0.0
IRCON,430.0,432.8,420.5,421.65,428.05,4.558404558404462
IREDA,1260.0,1260.0,1259.89,1259.89,1231.4,0.0
IREDA,1298.0,1298.0,1292.0,1292.0,1297.0,0.0
IRFC,1071.6,1074.0,1071.6,1073.99,1079.0,0.0
IRFC,1135.0,1135.0,1135.0,1135.0,1136.0,0.0
IRFC,1252.0,1275.0,1252.0,1275.0,1252.0,0.0
IRFC,1052.61,1052.61,1052.61,1052.61,1051.51,0.0
IRFC,1115.26,1115.26,1115.26,1115.26,1119.23,0.0
IRFC,1115.0,1117.0,1114.02,1114.02,1118.0,0.0
IRISDOREME,95.9,101.0,95.9,101.0,94.9,0.0
ISEC,264.75,264.75,260.0,262.9,263.15,58.19672131147484
ISFT,179.0,180.0,174.2,175.7,178.1,53.708439897698334
ISMTLTD,8.0,8.0,7.6,7.75,8.0,0.0
ITC,279.15,282.95,279.15,280.95,278.85,41.447368421052516
ITDC,321.0,328.8,318.25,321.25,319.35,66.33663366336634
ITDCEM,113.8,123.7,113.0,114.05,112.8,53.846153846153754
ITI,92.0,94.8,90.35,92.8,91.85,30.232558139534916
IVC,6.85,7.3,6.7,7.2,7.0,0.0
IVP,127.1,130.0,126.05,126.5,126.1,42.5675675675675
IVRCLINFRA,1.0,1.05,1.0,1.05,1.0,0.0
IVZINGOLD,2915.0,2915.0,2915.0,2915.0,2925.0,66.66666666666666
IVZINNIFTY,1280.0,1280.0,1280.0,1280.0,1285.0,78.50877192982456
IZMO,67.55,71.05,67.0,67.5,67.85,0.0
J&KBANK,38.8,38.9,37.6,37.8,38.7,0.0
JAGRAN,114.6,116.6,112.35,114.45,114.3,54.54545454545438
JAGSNPHARM,31.45,31.5,31.0,31.05,31.05,0.0
JAIBALAJI,17.45,17.95,17.45,17.6,18.2,0.0
JAICORPLTD,112.15,113.25,109.8,112.05,111.5,44.444444444444436
JAINSTUDIO,6.25,6.25,6.2,6.25,6.25,0.0
JAKHARIA,181.0,181.0,181.0,181.0,182.0,0.0
JAMNAAUTO,63.1,64.8,63.05,63.85,63.1,0.0
JASH,100.0,100.0,100.0,100.0,98.3,0.0
JAYAGROGN,228.4,233.75,225.75,226.85,228.35,37.17948717948716
JAYBARMARU,304.5,308.5,301.1,305.25,303.65,29.177718832891202
JAYNECOIND,6.0,6.1,6.0,6.0,5.95,0.0
JAYSREETEA,85.2,86.55,84.1,85.45,85.25,43.0939226519337
JBCHEPHARM,314.5,314.5,303.0,305.55,313.05,62.31527093596072
JBFIND,22.0,22.5,21.5,21.75,22.4,41.176470588235254
JBMA,302.15,308.5,302.15,306.0,305.0,50.833333333333286
JCHAC,1666.0,1770.0,1665.95,1757.05,1689.65,44.99685336689738
JETAIRWAYS,242.0,250.25,236.1,245.2,247.2,8.417085427135731
JETFREIGHT,24.6,24.6,24.6,24.6,25.85,0.0
JHS,32.85,33.8,32.3,32.4,32.65,32.91139240506331
JIKIND,0.35,0.45,0.35,0.45,0.4,0.0
JINDALPHOT,32.0,32.35,31.15,32.1,31.6,0.0
JINDALPOLY,239.0,244.35,236.15,237.75,233.6,85.41666666666654
JINDALSAW,82.05,82.75,81.3,82.4,81.9,0.0
JINDALSTEL,147.95,153.95,144.65,152.35,146.5,34.51957295373663
JINDCOT,4.85,4.85,4.3,4.45,4.6,0.0
JINDRILL,110.45,111.5,110.45,111.05,110.45,0.0
JINDWORLD,67.4,68.95,67.0,68.2,67.05,28.750000000000043
JISLDVREQS,47.9,48.15,47.25,47.7,48.0,0.0
JISLJALEQS,65.2,66.65,64.3,66.35,64.8,21.678321678321666
JITFINFRA,17.5,17.5,16.5,16.5,16.85,0.0
JKCEMENT,724.0,726.0,711.85,715.4,724.35,61.72638436482075
JKIL,130.2,130.85,127.5,128.65,129.95,0.0
JKLAKSHMI,313.8,319.3,312.0,313.65,314.5,96.1397058823529
JKPAPER,149.75,151.3,148.1,149.35,149.65,32.62032085561491
JKTYRE,104.3,104.9,102.3,103.35,103.9,0.0
JMA,175.0,175.0,168.0,169.55,174.7,21.03896103896112
JMCPROJECT,87.35,88.0,85.9,87.05,88.05,73.27188940092162
JMFINANCIL,90.4,91.1,88.5,90.1,89.65,28.461538461538495
JMTAUTOLTD,3.8,3.8,3.7,3.7,3.8,0.0
JOCIL,122.45,126.05,120.9,122.1,125.15,47.18162839248432
JPASSOCIAT,7.35,7.65,7.1,7.55,7.25,0.0
JPINFRATEC,3.8,3.95,3.8,3.9,3.85,0.0
JPOLYINVST,37.05,39.0,36.85,38.1,37.9,60.493827160493765
JPPOWER,2.05,2.1,2.05,2.05,2.1,0.0
JSL,33.2,33.25,32.5,33.1,32.9,42.8571428571429
JSLHISAR,85.4,85.85,83.75,85.0,84.9,30.875576036866363
JSWENERGY,69.4,69.75,67.95,68.7,69.75,25.88235294117642
JSWHL,2718.0,2920.0,2710.0,2765.15,2728.3,92.15189873417718
JSWSTEEL,281.9,289.45,280.7,287.95,282.65,36.66228646517735
JSWSTEEL,5.85,5.9,5.85,5.85,5.9,36.66228646517735
JTEKTINDIA,102.2,102.9,101.0,102.15,102.5,0.0
JUBILANT,705.0,711.5,698.0,707.35,705.0,54.458598726114595
JUBLFOOD,1244.5,1250.4,1200.25,1212.1,1239.65,7.570621468926362
JUBLINDS,104.25,105.35,103.5,104.75,103.95,53.62318840579712
JUNIORBEES,286.0,286.7,283.25,285.77,285.18,18.684210526315468
JUSTDIAL,485.45,501.5,480.05,497.05,484.7,40.961857379767864
JVLAGRO,5.75,5.75,5.45,5.55,5.7,0.0
JYOTHYLAB,203.85,205.55,200.65,204.0,201.5,38.22784810126579
JYOTISTRUC,2.0,2.0,1.9,2.0,1.95,0.0
KABRAEXTRU,75.45,75.5,74.1,74.5,74.8,62.28070175438604
KAJARIACER,501.0,508.7,498.55,506.1,500.15,99.05213270142185
KAKATCEM,202.1,202.1,196.35,198.3,198.65,22.2222222222221
KALPATPOWR,385.9,387.65,374.2,379.0,385.55,50.65104166666667
KALYANIFRG,306.0,307.6,300.0,300.05,300.0,0.0
KAMATHOTEL,47.3,48.5,46.5,46.85,47.55,0.0
KAMDHENU,167.35,169.2,165.3,166.5,167.3,20.792079207920963
KANANIIND,5.05,5.1,4.8,5.1,4.95,0.0
KANORICHEM,66.65,67.65,64.9,65.3,66.0,0.0
KANSAINER,487.75,487.75,476.0,479.55,483.7,45.56521739130432
KAPSTON,95.5,95.5,95.5,95.5,92.5,0.0
KARDA,192.15,197.95,192.15,197.3,195.45,62.05673758865247
KARMAENG,20.85,20.85,20.1,20.15,20.85,0.0
KARURVYSYA,91.4,91.4,89.05,89.9,91.45,68.90756302521012
KAUSHALYA,1.05,1.05,1.0,1.0,1.05,0.0
KAVVERITEL,8.25,8.45,7.95,8.1,7.95,0.0
KAYA,742.8,743.65,721.3,736.45,741.95,21.58273381294964
KCP,90.8,91.0,88.45,89.95,89.65,0.0
KCPSUGIND,18.5,18.8,18.3,18.35,18.4,0.0
KDDL,481.5,499.4,481.0,496.75,492.8,31.263858093126345
KEC,291.6,294.45,287.1,291.65,291.6,16.312056737588833
KECL,17.05,17.5,16.9,17.05,17.2,0.0
KEERTI,59.85,59.85,59.85,59.85,58.7,0.0
KEI,355.1,359.35,352.05,356.35,356.95,69.62025316455717
KELLTONTEC,47.0,47.55,44.7,46.4,46.45,87.81038374717832
KERNEX,22.25,24.25,22.25,23.0,23.4,0.0
KESARENT,27.75,29.95,27.75,29.45,28.85,0.0
KESORAMIND,84.5,85.65,83.35,83.9,85.1,22.881355932203434
KEYCORPSER,48.9,48.9,46.5,46.7,48.9,0.0
KGL,1.45,1.5,1.4,1.5,1.45,0.0
KHADIM,534.2,539.65,521.55,532.95,536.8,52.598425196850535
KHANDSE,15.15,15.15,14.4,14.4,15.15,0.0
KICL,1834.6,1869.9,1805.8,1853.5,1813.25,76.55379339905706
KILITCH,163.6,195.6,162.3,193.1,163.0,97.25433526011564
KINGFA,753.3,769.75,751.0,755.45,768.9,64.99302649930266
KIOCL,151.8,156.0,150.0,151.15,153.2,55.55555555555555
KIRIINDUS,443.0,445.05,440.0,440.5,442.9,30.99730458221022
KIRLOSBROS,148.0,149.5,145.35,147.75,147.8,0.0
KIRLOSENG,205.7,205.7,199.1,200.6,202.9,25.000000000000114
KIRLOSIND,884.85,894.9,880.15,892.95,884.85,72.77179236043096
KITEX,110.75,110.8,109.05,109.55,110.25,41.17647058823515
KKCL,1266.0,1289.0,1211.65,1220.85,1230.05,10.716238381629253
KMSUGAR,8.2,8.3,8.0,8.05,8.1,0.0
KNRCON,222.95,226.0,215.5,218.3,221.25,61.47540983606553
KOHINOOR,34.4,36.4,34.05,35.1,35.0,61.14649681528663
KOKUYOCMLN,108.2,108.6,105.0,106.9,107.7,33.16831683168317
KOLTEPATIL,260.35,267.9,260.35,262.35,261.75,84.44444444444443
KOPRAN,37.95,38.1,37.1,37.5,37.65,0.0
KOTAKBANK,1238.0,1252.0,1230.0,1247.95,1235.25,56.72097759674146
KOTAKBKETF,277.51,279.32,275.0,278.38,275.77,43.922984356197446
KOTAKGOLD,280.0,282.5,278.7,279.15,280.05,59.803921568627416
KOTAKNIFTY,109.96,110.2,109.0,109.79,109.52,0.0
KOTAKNV20,53.1,53.2,52.5,52.88,53.01,0.0
KOTAKPSUBK,307.0,315.6,306.05,310.74,305.74,55.12367491166081
KOTARISUG,10.2,10.6,10.2,10.25,10.45,0.0
KOTHARIPET,21.4,22.0,20.6,21.6,20.8,0.0
KOTHARIPRO,99.25,99.85,97.6,98.35,99.8,0.0
KPIT,212.35,213.0,206.0,210.45,211.65,0.0
KPRMILL,558.35,559.1,544.0,546.3,556.5,5.386416861826589
KRBL,287.9,287.9,279.0,279.7,286.6,44.80651731160905
KREBSBIO,105.95,110.65,105.0,108.25,105.95,45.94594594594594
KRIDHANINF,45.1,45.75,44.9,45.3,45.55,0.0
KRISHANA,54.5,54.5,54.5,54.5,55.0,0.0
KSB,760.15,768.0,756.6,759.15,766.25,0.0
KSCL,563.1,567.0,536.75,550.05,560.35,5.59322033898296
KSERASERA,0.15,0.2,0.1,0.15,0.15,0.0
KSK,1.55,1.55,1.55,1.55,1.6,0.0
KSL,219.35,221.65,217.5,218.95,219.15,21.052631578947313
KTIL,66.9,67.95,66.0,66.1,66.5,0.0
KTKBANK,110.0,115.3,110.0,114.95,110.15,63.24324324324328
KWALITY,8.0,8.0,7.7,7.85,8.0,0.0
L&TFH,145.4,146.75,142.2,144.4,145.4,0.0
L&TFINANCE,1039.99,1039.99,1027.0,1032.94,1031.51,0.0
L&TINFRA,966.2,984.9,966.2,966.56,985.0,0.0
L&TINFRA,1761.1,1763.0,1761.1,1763.0,1761.1,0.0
L&TINFRA,960.1,979.5,960.1,964.15,965.0,0.0
L&TINFRA,1730.01,1731.0,1730.01,1730.16,1731.1,0.0
L&TINFRA,1033.5,1036.0,1030.06,1032.25,1031.01,0.0
L&TINFRA,1829.0,1829.0,1801.0,1801.16,1806.25,0.0
LAGNAM,15.05,15.05,15.0,15.0,15.3,0.0
LAKPRE,12.15,12.15,12.15,12.15,11.6,0.0
LAKSHVILAS,86.55,87.2,85.2,85.85,86.55,0.0
LALPATHLAB,908.0,944.85,908.0,940.1,913.05,78.67513611615246
LAMBODHARA,44.3,44.65,43.15,44.25,43.85,0.0
LAOPALA,217.25,218.0,214.0,215.3,217.8,15.862068965517395
LASA,36.55,36.55,33.15,33.15,34.85,78.20512820512818
LAURUSLABS,378.0,382.8,371.05,380.5,378.25,42.48120300751877
LAXMIMACH,5738.0,5738.0,5654.7,5708.4,5691.6,34.72283813747171
LEEL,56.25,56.25,53.6,54.5,55.05,31.8840579710145
LEMONTREE,69.05,70.3,68.6,69.0,69.55,0.0
LEXUS,23.95,23.95,23.95,23.95,24.0,0.0
LFIC,84.55,87.7,84.55,87.7,84.55,0.0
LGBBROSLTD,416.95,426.7,413.95,423.3,417.8,38.73239436619706
LIBERTSHOE,167.9,169.25,165.65,167.85,166.95,0.0
LICHSGFIN,470.6,490.8,467.7,488.1,470.2,49.10836762688618
LICNETFGSC,17.95,17.95,17.22,17.89,17.75,0.0
LICNETFN50,112.7,112.7,108.1,112.0,110.01,60.00000000000003
LICNETFSEN,358.1,359.99,345.1,348.89,379.0,39.138874183871536
LICNFNHGP,110.8,110.8,110.8,110.8,110.8,0.0
LINCOLN,224.9,225.75,219.0,219.75,224.3,13.242009132420193
LINCPEN,272.15,274.9,268.0,269.8,270.95,49.4736842105264
LINDEINDIA,681.5,685.0,675.0,679.1,675.95,33.888888888888815
LIQUIDBEES,1000.0,1000.01,999.99,1000.0,1000.0,0.0
LIQUIDETF,1000.0,1000.01,999.99,999.99,999.99,0.0
LOKESHMACH,46.1,46.1,45.25,45.55,46.1,47.1264367816092
LOTUSEYE,28.0,28.5,28.0,28.05,28.3,0.0
LOVABLE,119.0,120.0,116.25,117.0,118.25,68.9655172413793
LPDC,4.4,4.45,4.3,4.3,4.45,0.0
LSIL,1.15,1.2,1.15,1.15,1.15,0.0
LT,1401.9,1407.6,1373.55,1388.05,1395.0,7.243963363863628
LTI,1744.0,1754.0,1674.95,1693.2,1738.15,28.196347031963484
LTTS,1635.0,1641.5,1590.0,1624.0,1621.85,16.95137976346919
LUMAXIND,1709.3,1717.0,1680.55,1703.35,1697.65,61.568247821877925
LUMAXTECH,181.3,181.3,171.7,174.55,179.45,16.42651296829972
LUPIN,824.0,832.0,820.3,828.9,821.05,33.760683760683804
LUXIND,1340.0,1345.0,1305.0,1323.8,1341.3,30.227272727272805
LYKALABS,29.3,30.15,28.7,29.0,29.45,0.0
LYPSAGEMS,9.05,9.25,8.85,9.1,8.85,0.0
M&M,720.0,728.3,712.5,725.6,718.3,7.836822329576009
M&MFIN,459.8,469.8,457.2,464.2,458.3,24.842105263157848
M&MFIN,1038.0,1038.0,1035.01,1037.0,1038.0,24.842105263157848
M100,18.35,18.35,18.2,18.33,18.25,0.0
M50,104.35,104.35,102.7,102.7,103.02,0.0
MAANALU,104.1,104.1,102.0,102.8,102.6,0.0
MADHAV,45.9,45.9,44.65,44.7,45.9,0.0
MADHUCON,6.3,6.8,6.3,6.75,6.45,0.0
MADRASFERT,23.95,24.4,23.65,24.2,24.15,0.0
MAGADSUGAR,86.0,90.0,86.0,89.0,87.75,0.0
MAGMA,107.1,109.7,105.7,109.05,108.15,18.897637795275656
MAGNUM,6.5,7.0,6.5,6.7,6.5,0.0
MAHABANK,15.25,15.6,15.2,15.45,15.1,0.0
MAHAPEXLTD,127.0,127.0,126.25,126.25,132.85,0.0
MAHASTEEL,75.45,78.45,75.25,77.15,74.35,49.99999999999987
MAHESHWARI,190.0,190.0,190.0,190.0,190.0,0.0
MAHINDCIE,246.0,246.0,242.45,244.4,244.6,37.931034482758605
MAHLIFE,396.0,409.05,390.25,394.5,394.15,54.181184668989495
MAHLOG,514.65,514.65,509.0,513.35,510.7,50.0
MAHSCOOTER,3165.0,3175.05,3133.6,3146.4,3183.8,62.561576354679865
MAHSEAMLES,486.0,490.95,485.95,486.65,485.6,47.84172661870474
MAITHANALL,511.0,511.0,495.0,498.55,502.6,60.77795786061591
MAJESCO,510.3,511.95,497.1,498.05,507.8,43.28767123287673
MALUPAPER,37.0,38.1,36.6,37.8,36.7,26.190476190476176
MAN50ETF,107.29,107.29,107.29,107.29,107.95,46.13918017159191
MANAKALUCO,8.6,8.9,8.55,8.65,9.0,0.0
MANAKCOAT,7.75,7.75,7.2,7.2,7.25,0.0
MANAKSIA,42.85,43.3,42.5,43.1,42.75,0.0
MANAKSTEEL,21.0,21.45,20.6,20.8,20.8,0.0
MANALIPETC,31.8,32.0,31.4,31.55,31.75,0.0
MANAPPURAM,93.25,95.8,92.9,95.35,92.9,58.333333333333215
MANDHANA,4.65,5.0,4.65,4.75,4.8,0.0
MANGALAM,71.5,80.8,71.05,72.95,72.6,33.944954128440244
MANGCHEFER,40.65,42.35,39.7,41.65,40.8,0.0
MANGLMCEM,225.45,228.55,222.7,227.4,224.1,60.61120543293718
MANGTIMBER,20.0,20.0,19.3,19.7,19.75,0.0
MANINDS,69.75,70.1,68.65,69.15,69.8,0.0
MANINFRA,37.8,38.0,37.5,37.8,37.75,0.0
MANPASAND,86.0,86.8,85.3,85.7,86.1,0.0
MANUGRAPH,31.9,31.9,31.25,31.25,31.05,0.0
MARALOVER,28.0,28.2,27.6,28.0,27.55,0.0
MARATHON,109.9,114.95,109.9,112.05,112.55,44.162436548223255
MARICO,380.4,383.2,375.1,378.85,378.05,42.10526315789457
MARKSANS,27.75,27.9,27.6,27.75,27.8,0.0
MARUTI,7239.0,7309.0,7161.2,7234.5,7203.95,11.797040169133268
MASFIN,562.15,563.1,550.5,555.05,564.95,25.399495374264106
MASTEK,438.75,440.05,424.1,433.2,438.75,0.0
MATRIMONY,470.2,471.3,464.55,469.1,471.6,22.519083969465626
MAWANASUG,47.0,48.75,46.55,47.2,47.25,0.0
MAXINDIA,83.05,84.5,82.7,83.5,82.65,21.66666666666667
MAXVIL,51.05,52.8,51.05,52.5,51.9,33.87096774193546
MAYURUNIQ,395.35,399.8,392.05,394.15,395.7,63.53591160221006
MAZDA,294.0,296.7,290.25,291.25,291.75,36.26373626373624
MBAPL,41.4,41.4,41.4,41.4,49.85,0.0
MBECL,10.0,10.05,9.25,9.3,9.7,0.0
MBLINFRA,14.3,14.5,14.25,14.35,14.4,0.0
MCDHOLDING,28.5,29.05,28.05,28.25,28.75,0.0
MCDOWELL-N,620.0,620.0,601.35,604.6,620.1,0.0
MCL,148.8,148.9,148.8,148.9,145.0,0.0
MCLEODRUSS,113.15,114.55,112.65,112.95,113.4,31.7073170731707
MCX,722.0,728.2,714.0,725.4,722.45,26.822157434402015
MEGASOFT,7.6,7.95,7.55,7.6,7.9,0.0
MEGH,58.85,59.75,58.0,58.95,59.0,0.0
MENONBE,90.2,90.2,87.0,87.55,87.65,78.23343848580446
MEP,44.95,46.75,44.75,45.55,45.15,28.915662650602442
MERCATOR,11.75,11.85,11.45,11.6,11.75,0.0
MERCK,2985.0,3073.9,2985.0,3053.85,2966.6,50.37211124167644
METALFORGE,11.5,11.9,10.5,11.0,11.2,0.0
METKORE,1.1,1.1,1.1,1.1,1.15,0.0
MFSL,425.0,443.95,422.85,441.35,424.0,47.30538922155689
MGL,891.8,903.95,886.0,898.4,890.85,51.24434389140274
MHHL,25.75,25.75,25.75,25.75,24.55,0.0
MHRIL,208.95,209.55,199.5,200.3,207.2,29.70027247956402
MIC,1.35,1.35,1.35,1.35,1.3,0.0
MIDHANI,134.75,136.0,134.5,135.1,134.9,91.02564102564118
MINDACORP,149.0,150.3,147.25,149.85,149.8,90.52631578947387
MINDAIND,329.15,337.45,326.05,331.95,330.45,90.9604519774016
MINDTECK,39.2,40.25,37.55,40.25,38.35,0.0
MINDTREE,832.1,841.0,792.25,815.0,834.8,0.0
MIRCELECTR,25.75,26.3,25.3,25.95,25.9,0.0
MIRZAINT,81.5,82.6,80.5,80.65,82.1,0.0
MITCON,51.0,51.0,51.0,51.0,50.2,0.0
MITTAL,52.5,52.55,52.0,52.55,50.05,0.0
MMFL,657.95,657.95,641.05,647.05,650.0,17.87234042553193
MMP,193.0,196.0,193.0,196.0,193.0,0.0
MMTC,30.25,30.25,29.3,29.65,30.05,0.0
MODIRUBBER,43.6,43.6,43.6,43.6,43.2,0.0
MOHITIND,9.3,9.3,8.6,8.65,8.95,0.0
MOHOTAIND,88.85,92.0,75.2,77.75,88.75,38.82113821138211
MOIL,167.0,167.95,166.05,167.05,167.65,0.0
MOLDTECH,42.5,43.7,42.1,42.9,42.85,0.0
MOLDTKPAC,261.1,266.5,260.3,261.8,262.4,41.66666666666678
MONSANTO,2585.8,2626.5,2541.95,2564.5,2592.95,0.0
MONTECARLO,384.75,384.75,381.0,381.85,382.75,45.88235294117657
MORARJEE,24.25,25.3,24.25,25.15,24.7,0.0
MOREPENLAB,21.5,22.2,21.5,21.9,21.35,0.0
MOTHERSUMI,161.5,165.35,157.6,158.65,161.25,33.603238866396836
MOTILALOFS,683.05,687.7,666.0,672.9,683.05,41.279069767441854
MOTOGENFIN,48.05,49.0,48.05,49.0,49.15,31.818181818181756
MPHASIS,948.95,958.7,916.0,930.45,948.8,14.062500000000071
MPSLTD,480.95,484.95,475.1,478.65,479.4,21.97452229299337
MPTODAY,36.25,36.25,36.25,36.25,37.5,0.0
MRF,66999.7,67349.9,66201.05,66603.15,66818.25,22.863755786312936
MRO-TEK,44.15,46.25,42.15,44.05,42.7,48.999999999999915
MRPL,72.6,72.85,71.35,72.15,72.15,0.0
MSPL,13.45,13.45,12.9,12.95,13.15,0.0
MTEDUCARE,62.65,66.5,62.65,65.95,64.85,79.59183673469393
MTNL,16.1,17.15,15.85,16.65,16.3,60.5714285714286
MUKANDENGG,22.3,22.8,21.15,22.1,22.5,0.0
MUKANDLTD,60.15,60.15,57.5,58.0,59.85,0.0
MUKANDLTD,7.35,7.35,5.9,7.15,7.35,0.0
MUKTAARTS,39.1,39.75,38.65,39.45,39.25,0.0
MUNJALAU,60.55,60.55,57.9,59.0,59.75,0.0
MUNJALSHOW,180.6,181.75,179.3,180.35,178.95,12.06896551724141
MURUDCERA,23.65,24.0,22.5,23.0,23.55,0.0
MUTHOOTCAP,910.1,929.5,910.1,915.25,913.25,15.58846453624318
MUTHOOTFIN,498.35,508.8,489.7,501.95,495.75,46.64031620553358
MVL,0.2,0.25,0.2,0.25,0.25,0.0
N100,430.0,435.0,427.0,433.7,430.84,39.61206896551725
NABARD,1151.51,1153.25,1151.5,1152.01,1151.5,0.0
NACLIND,25.4,27.4,25.25,26.55,26.15,0.0
NAGAFERT,8.7,8.85,8.6,8.75,8.7,0.0
NAGAROIL,0.75,0.8,0.7,0.75,0.75,0.0
NAGREEKCAP,13.3,14.35,12.6,14.35,13.05,66.66666666666663
NAGREEKEXP,23.6,24.3,23.0,23.8,23.35,32.812499999999986
NAHARCAP,93.6,95.5,92.05,94.05,92.15,63.815789473684184
NAHARINDUS,54.0,54.0,51.05,51.45,52.95,23.52941176470587
NAHARPOLY,37.7,38.35,37.55,37.9,38.35,0.0
NAHARSPING,91.55,91.9,90.2,90.6,90.9,47.252747252747255
NARMADA,20.0,20.0,20.0,20.0,19.0,0.0
NATCOPHARM,695.9,706.85,691.0,703.4,696.1,81.60377358490562
NATHBIOGEN,417.1,428.0,416.0,421.9,414.6,66.66666666666666
NATIONALUM,62.55,64.0,62.55,63.85,62.8,49.57983193277313
NATNLSTEEL,7.1,7.1,6.8,7.0,7.15,0.0
NAUKRI,1487.0,1579.0,1482.35,1557.05,1490.35,84.17553191489364
NAVINFLUOR,696.0,720.0,691.1,698.45,703.65,56.0941828254849
NAVKARCORP,54.7,54.95,53.0,53.6,54.25,0.0
NAVNETEDUL,108.4,109.5,108.4,109.05,109.05,62.71186440677941
NBCC,59.2,59.9,58.1,58.9,58.2,38.88888888888884
NBIFIN,1217.0,1227.15,1200.0,1227.15,1215.0,43.586896168795136
NBVENTURES,119.8,119.8,117.1,117.85,119.2,40.90909090909081
NCC,88.75,90.95,87.55,88.65,88.9,40.00000000000036
NCLIND,136.75,138.65,133.45,135.4,136.85,45.76271186440694
NDGL,800.9,825.1,800.0,813.85,802.55,52.50737463126842
NDL,64.2,64.2,62.5,63.2,63.35,0.0
NDTV,37.3,37.5,36.65,37.2,36.65,0.0
NECCLTD,9.6,9.65,9.25,9.45,9.5,0.0
NECLIFE,20.4,20.4,19.95,20.15,20.15,0.0
NELCAST,78.55,79.65,78.0,78.1,78.9,0.0
NELCO,274.75,278.75,263.95,271.8,273.4,95.53695955369604
NESCO,444.75,445.75,441.0,444.15,444.35,27.860696517413018
NESTLEIND,11139.0,11198.9,10655.55,10851.2,11207.15,24.26730672056597
NETWORK18,40.45,40.75,40.0,40.5,40.1,0.0
NEULANDLAB,497.0,497.0,483.0,484.55,489.05,75.43424317617868
NEWGEN,303.1,312.0,300.5,302.65,302.25,79.47368421052643
NEXTMEDIA,25.5,25.5,24.7,24.85,25.1,31.428571428571473
NFL,35.75,36.3,35.2,35.55,35.95,0.0
NH,191.45,191.5,186.5,187.3,191.35,17.786561264822154
NHAI,1075.0,1076.95,1072.55,1075.0,1076.99,0.0
NHAI,1152.11,1157.0,1152.1,1156.99,1157.0,0.0
NHAI,1269.75,1269.75,1242.22,1249.23,1245.19,0.0
NHAI,1116.99,1116.99,1108.0,1116.0,1115.0,0.0
NHAI,1153.94,1153.95,1149.0,1150.0,1150.17,0.0
NHAI,1128.0,1128.0,1125.0,1127.5,1121.0,0.0
NHBTF2014,6490.0,6490.0,6490.0,6490.0,6486.9,0.0
NHPC,25.5,25.7,25.3,25.55,25.55,0.0
NHPC,1775.0,1775.0,1724.99,1724.99,1479.99,0.0
NIACL,182.5,182.5,178.4,179.85,180.35,57.87234042553187
NIBL,25.35,25.35,23.2,24.1,23.15,29.166666666666643
NIFTYBEES,1118.35,1125.94,1114.1,1124.91,1118.35,33.21939092604113
NIFTYEES,13050.0,13700.0,13050.0,13700.0,13467.5,54.78468899521531
NIITLTD,83.9,85.3,82.9,84.3,83.95,41.37931034482771
NIITTECH,1124.0,1141.75,1109.3,1122.7,1132.65,10.08827238335438
NILAINFRA,7.65,7.85,7.6,7.75,7.65,0.0
NILASPACES,3.1,3.2,3.0,3.15,3.1,0.0
NILKAMAL,1456.0,1464.45,1440.0,1457.65,1447.1,24.336793540946132
NIPPOBATRY,722.35,722.35,705.35,713.4,715.35,41.97707736389681
NITCO,40.4,41.4,40.1,40.3,40.4,0.0
NITESHEST,5.35,5.45,5.25,5.4,5.35,0.0
NITINFIRE,1.8,1.85,1.8,1.8,1.85,0.0
NITINSPIN,91.85,92.75,90.1,90.45,91.6,23.841059602648983
NKIND,46.3,48.9,46.3,47.1,46.15,42.06349206349201
NLCINDIA,68.25,68.4,68.0,68.15,68.05,0.0
NMDC,94.0,95.0,93.0,93.95,93.9,37.20930232558141
NOCIL,163.65,164.0,160.5,161.9,162.9,44.51219512195116
NOIDATOLL,7.85,7.95,7.8,7.85,7.95,0.0
NRAIL,414.35,414.35,405.0,410.45,410.15,43.44827586206892
NRBBEARING,205.75,207.4,197.0,198.35,204.7,51.09649122807017
NSIL,1069.7,1125.0,1030.0,1099.4,1045.4,45.458544095007724
NTL,1.0,1.0,0.9,0.9,0.95,0.0
NTPC,143.95,146.3,142.25,145.75,143.4,26.70454545454544
NTPC,1245.0,1245.0,1245.0,1245.0,1228.0,26.70454545454544
NTPC,1330.0,1330.0,1261.01,1299.99,1289.0,26.70454545454544
NTPC,13.2,13.35,13.2,13.28,13.26,26.70454545454544
NTPC,1060.01,1060.01,1060.01,1060.01,1065.0,26.70454545454544
NTPC,1135.0,1150.0,1135.0,1150.0,1150.12,26.70454545454544
NUCLEUS,379.6,380.3,376.55,379.1,379.45,80.98591549295813
NUTEK,0.35,0.35,0.35,0.35,0.35,0.0
OBEROIRLTY,451.0,465.0,447.25,463.35,448.6,62.69757639620655
OCCL,1193.6,1206.0,1189.35,1189.95,1197.5,66.00748262960987
OCLINDIA,1100.0,1100.0,1060.0,1090.0,1080.35,0.0
OFSS,3606.0,3623.45,3551.35,3598.2,3594.65,34.86349359748725
OIL,172.05,174.95,172.05,174.55,172.0,24.878048780487916
OILCOUNTUB,15.6,16.6,15.6,16.35,16.25,0.0
OISL,3.1,3.1,3.0,3.1,3.1,0.0
OLECTRA,243.7,252.0,239.45,241.75,241.75,41.7040358744395
OMAXAUTO,91.6,92.4,88.55,89.6,89.6,0.0
OMAXE,213.8,215.2,212.7,213.85,212.8,52.499999999999886
OMKARCHEM,22.8,22.8,22.8,22.8,21.75,63.46153846153848
OMMETALS,36.9,36.9,34.6,35.15,36.2,0.0
ONELIFECAP,19.1,19.1,17.9,18.6,18.8,29.999999999999957
ONGC,142.05,146.2,142.05,145.7,142.4,28.947368421052545
ONMOBILE,36.85,41.65,36.35,39.6,36.6,65.2173913043479
ONWARDTEC,75.0,77.3,70.5,71.3,71.6,89.81132075471696
OPTIEMUS,128.9,129.0,126.0,128.0,127.45,67.88990825688074
OPTOCIRCUI,9.4,9.45,9.1,9.25,9.35,0.0
ORBTEXP,120.0,120.0,118.0,118.45,118.3,0.0
ORCHIDPHAR,4.9,4.9,4.7,4.8,4.85,0.0
ORICONENT,31.6,33.8,31.4,32.6,31.8,0.0
ORIENTABRA,28.2,28.6,27.6,28.0,28.6,0.0
ORIENTALTL,11.85,11.85,11.5,11.85,11.7,0.0
ORIENTBANK,96.15,99.35,95.1,98.95,95.5,70.96774193548374
ORIENTBELL,178.95,179.7,172.0,174.45,177.7,28.04878048780506
ORIENTCEM,83.25,84.95,82.5,83.0,82.95,54.23728813559322
ORIENTELEC,147.05,147.75,144.8,146.0,147.05,48.1012658227844
ORIENTHOT,44.65,44.7,44.3,44.5,44.1,0.0
ORIENTLTD,160.0,168.6,160.0,160.7,162.25,23.24324324324327
ORIENTPPR,43.95,43.95,43.2,43.4,43.5,0.0
ORIENTREF,231.3,233.45,227.5,229.15,231.25,35.329341317365376
ORISSAMINE,940.0,965.0,925.0,929.2,939.8,31.787260358688982
ORTEL,4.1,4.1,4.1,4.1,3.95,0.0
ORTINLABSS,15.95,15.95,15.2,15.4,15.8,0.0
OSWALAGRO,9.35,9.4,8.95,9.05,9.0,0.0
OSWALSEEDS,26.5,26.7,26.5,26.5,26.5,0.0
PAGEIND,23800.0,24000.0,22532.6,22663.0,23614.1,9.342554464505582
PAISALO,309.45,309.45,303.75,305.4,307.9,33.47107438016516
PALASHSECU,38.85,38.85,38.85,38.85,37.6,0.0
PALREDTEC,45.55,46.0,42.45,42.75,47.15,65.65295169946333
PANACEABIO,159.4,160.05,155.15,156.7,157.9,31.683168316831498
PANACHE,89.5,89.5,89.5,89.5,88.25,0.0
PANAMAPET,127.75,128.5,122.75,124.25,126.15,0.0
PAPERPROD,191.1,192.7,187.3,188.3,190.9,0.0
PARABDRUGS,2.5,2.6,2.5,2.55,2.6,0.0
PARACABLES,13.25,13.25,12.75,12.9,13.0,0.0
PARAGMILK,245.85,246.75,242.35,243.05,244.9,0.0
PARSVNATH,7.4,7.65,7.35,7.5,7.3,0.0
PATELENG,37.55,37.8,37.1,37.45,37.4,44.87179487179473
PATINTLOG,46.55,47.1,45.6,45.9,46.8,0.0
PATSPINLTD,12.3,12.95,12.05,12.05,12.05,0.0
PBAINFRA,6.7,7.05,6.7,6.75,6.75,0.0
PCJEWELLER,82.45,82.95,80.05,81.0,82.5,0.0
PDMJEPAPER,22.4,22.6,22.0,22.1,22.4,0.0
PDPL,8.6,8.6,8.35,8.6,8.4,0.0
PDSMFL,287.75,287.75,274.0,274.0,277.0,0.0
PEARLPOLY,14.55,15.1,13.7,14.45,13.75,0.0
PEL,2298.0,2371.4,2295.7,2358.65,2286.6,50.114731528223956
PENIND,36.3,38.0,36.2,36.45,36.25,0.0
PENINLAND,10.8,10.9,10.5,10.75,10.7,0.0
PENPEBS,60.65,60.95,58.75,59.5,59.65,0.0
PERSISTENT,616.05,619.65,571.7,577.3,613.55,5.745212323064166
PETRONENGG,36.3,39.8,36.3,39.65,37.95,0.0
PETRONET,228.95,230.35,220.0,220.9,228.8,32.5503355704698
PFC,106.5,107.6,106.05,106.95,105.95,54.96688741721844
PFC,1120.0,1120.0,1120.0,1120.0,1119.95,54.96688741721844
PFC,1075.0,1075.0,1070.01,1071.0,1070.01,54.96688741721844
PFC,1283.99,1283.99,1259.0,1260.01,1260.0,54.96688741721844
PFIZER,2788.55,2813.0,2752.0,2777.25,2780.35,44.398584905660385
PFOCUS,59.85,61.9,59.5,60.0,60.25,0.0
PFS,17.1,17.25,16.85,17.1,17.1,0.0
PGEL,119.65,129.4,112.6,124.5,116.55,73.54925775978406
PGHH,9803.0,9879.0,9711.35,9784.95,9850.0,14.19284940411687
PGIL,134.75,134.75,131.25,133.75,134.1,19.266055045871397
PHILIPCARB,206.4,208.0,202.3,203.85,205.4,63.47826086956516
PHOENIXLTD,577.7,589.3,575.8,583.45,577.7,93.67909238249582
PIDILITIND,1109.3,1118.4,1103.3,1105.7,1109.25,58.278145695364366
PIGL,16.6,16.6,16.6,16.6,13.9,0.0
PIIND,864.75,867.5,846.65,849.9,863.4,33.02107728337248
PILANIINVS,2134.5,2134.5,2060.0,2063.45,2101.7,0.0
PILITA,8.3,8.75,8.3,8.6,8.65,0.0
PIONDIST,168.55,169.4,165.1,166.5,168.5,0.0
PIONEEREMB,26.4,26.9,26.4,26.5,26.95,0.0
PIRPHYTO,30.75,30.8,29.25,29.6,30.75,0.0
PITTIENG,70.1,70.5,67.3,68.15,69.85,0.0
PKTEA,170.0,175.05,170.0,175.05,176.0,0.0
PLASTIBLEN,178.0,180.25,176.0,178.4,177.7,0.0
PNB,78.0,81.9,77.65,81.3,77.85,69.12751677852341
PNBGILTS,35.05,35.25,34.75,34.8,34.85,0.0
PNBHOUSING,923.0,925.0,908.15,914.4,921.6,49.54792043399639
PNC,17.75,17.75,16.45,17.1,16.5,0.0
PNCINFRA,149.6,151.0,147.25,150.2,150.1,70.0
PODDARHOUS,532.0,533.9,520.0,530.4,510.0,86.79525222551916
PODDARMENT,187.75,187.75,182.0,183.25,183.95,36.44859813084122
POKARNA,157.8,158.95,153.0,155.45,155.9,20.833333333333286
POLYMED,222.4,225.0,220.5,222.55,221.35,50.66666666666681
POLYPLEX,505.1,514.45,505.05,512.95,505.05,45.331695331695386
PONNIERODE,142.95,143.05,136.3,138.4,139.85,38.23529411764688
POWERFUL,22.6,22.6,22.6,22.6,22.65,0.0
POWERGRID,193.3,196.75,191.4,195.9,193.05,45.49019607843134
POWERMECH,957.4,957.4,927.2,931.45,943.35,22.565091610414726
PPAP,372.0,372.0,360.2,363.5,371.95,17.456359102244377
PRABHAT,96.5,97.05,91.75,93.3,95.3,59.54545454545451
PRADIP,1.25,1.3,1.25,1.3,1.3,0.0
PRAENG,8.85,8.95,8.65,8.85,8.8,0.0
PRAJIND,123.4,125.2,119.75,120.6,122.6,89.1891891891892
PRAKASH,77.9,81.0,76.35,80.4,77.5,46.95652173913049
PRAKASHCON,4.3,4.45,4.25,4.35,4.35,0.0
PRAKASHSTL,0.35,0.4,0.35,0.4,0.4,0.0
PRAXIS,167.15,170.0,167.15,169.7,169.95,39.00000000000005
PRECAM,66.7,70.05,66.0,69.65,66.95,83.3333333333332
PRECOT,60.55,63.0,60.55,60.65,60.4,0.0
PRECWIRE,243.7,249.3,235.0,238.9,240.5,73.89380530973432
PREMEXPLN,246.9,246.9,241.1,242.15,242.55,0.0
PREMIER,8.05,8.05,7.45,7.7,7.55,0.0
PREMIERPOL,33.0,36.0,33.0,36.0,30.0,95.65217391304351
PRESSMN,32.15,32.15,30.75,31.4,32.0,0.0
PRESTIGE,232.95,237.1,230.65,231.9,233.05,81.38297872340426
PRICOLLTD,49.6,50.15,49.1,49.55,49.85,0.0
PRIMESECU,40.3,43.35,40.1,42.65,41.15,36.58536585365845
PROLIFE,29.0,29.9,29.0,29.9,28.55,0.0
PROSEED,1.2,1.2,1.2,1.2,1.25,0.0
PROVOGE,3.35,3.35,3.35,3.35,3.5,0.0
PROZONINTU,29.9,30.4,29.7,29.95,29.65,49.99999999999992
PRSMJOHNSN,90.05,91.5,88.5,90.35,90.2,48.275862068965615
PSB,32.5,32.55,31.55,32.2,32.4,0.0
PSL,1.8,1.85,1.75,1.75,1.8,0.0
PSPPROJECT,411.15,423.1,405.05,422.2,411.35,98.8286969253295
PSUBNKBEES,340.0,346.9,337.87,346.55,337.86,57.680835197613746
PTC,89.55,91.5,88.75,91.0,89.3,26.984126984126974
PTL,42.4,42.4,40.8,41.8,41.3,0.0
PUNJABCHEM,719.9,719.95,698.45,706.95,705.65,36.67425968109362
PUNJLLOYD,4.0,4.1,3.9,4.0,4.05,0.0
PURVA,73.95,79.9,71.9,76.05,73.7,85.71428571428588
PVP,3.65,3.85,3.65,3.8,3.7,0.0
PVR,1535.5,1576.95,1501.1,1573.2,1530.7,0.0
QGOLDHALF,1415.0,1416.0,1408.0,1411.0,1411.2,92.56756756756674
QNIFTY,1082.0,1082.0,1082.0,1082.0,1088.5,8.333333333333329
QUESS,718.85,736.35,706.35,726.15,719.75,0.0
QUICKHEAL,209.0,209.95,205.85,207.15,208.5,0.0
QUINTEGRA,0.45,0.45,0.45,0.45,0.45,0.0
RADAAN,3.15,3.3,3.15,3.3,3.15,0.0
RADICO,397.15,402.2,387.45,394.3,400.15,15.769230769230859
RADIOCITY,312.05,312.05,306.85,308.95,309.0,30.434782608695613
RAIN,129.7,131.4,126.65,127.05,130.45,14.545454545454461
RAINBOWPAP,1.1,1.1,1.0,1.0,1.05,0.0
RAJESHEXPO,574.55,579.15,570.15,574.45,574.55,74.71264367815986
RAJMET,25.6,25.6,25.4,25.4,25.6,0.0
RAJRAYON,0.1,0.15,0.1,0.15,0.15,0.0
RAJSREESUG,23.2,24.0,23.2,23.8,23.75,0.0
RAJTV,42.4,44.2,41.9,44.0,42.3,0.0
RALLIS,174.2,175.6,170.6,171.25,174.2,15.948275862068911
RAMANEWS,29.0,29.45,28.5,29.3,28.85,0.0
RAMASTEEL,93.75,93.95,91.95,93.8,91.75,58.94039735099325
RAMCOCEM,634.0,634.0,621.45,627.1,628.15,19.142857142857267
RAMCOIND,231.95,235.85,225.5,226.85,232.65,64.52599388379203
RAMCOSYS,270.55,275.0,268.1,269.55,271.5,27.554179566563434
RAMKY,155.2,159.1,154.3,156.9,155.0,36.666666666666714
RANASUG,3.5,3.5,3.35,3.4,3.4,0.0
RANEENGINE,452.2,452.6,450.0,450.6,451.8,44.751381215469685
RANEHOLDIN,1339.5,1339.55,1272.5,1294.85,1313.35,19.38159879336351
RATNAMANI,930.0,939.9,908.1,913.0,932.95,15.950920245398777
RAYMOND,815.0,824.5,802.3,822.3,811.55,35.7212003872217
RBL,561.0,566.85,557.6,562.0,563.05,48.46416382252543
RBLBANK,562.1,575.65,562.1,571.65,562.1,35.76051779935264
RCF,62.5,63.3,61.8,62.75,62.4,0.0
RCOM,13.4,14.2,13.3,14.0,13.5,0.0
RECLTD,122.0,122.8,119.8,121.55,121.35,39.99999999999985
RECLTD,1068.0,1070.0,1063.01,1068.6,1060.47,39.99999999999985
RECLTD,1228.0,1228.0,1228.0,1228.0,1146.0,39.99999999999985
RECLTD,1075.0,1080.0,1075.0,1080.0,1081.31,39.99999999999985
RECLTD,1165.0,1165.0,1165.0,1165.0,1178.0,39.99999999999985
RECLTD,1135.0,1135.0,1135.0,1135.0,1109.0,39.99999999999985
RECLTD,1150.01,1150.01,1143.0,1148.3,1165.0,39.99999999999985
REDINGTON,88.0,88.3,86.55,86.95,88.15,0.0
REFEX,20.15,21.45,19.75,20.15,20.7,0.0
REGENCERAM,4.3,4.3,4.0,4.3,4.1,0.0
RELAXO,752.15,755.0,735.0,749.8,746.85,93.03621169916431
RELCAPITAL,210.6,218.3,208.55,216.7,214.4,18.40193704600479
RELCNX100,112.16,112.76,111.38,112.76,111.44,29.59641255605392
RELCONS,52.02,52.02,51.62,51.77,51.73,0.0
RELDIVOPP,28.71,28.81,28.53,28.81,28.76,0.0
RELIABLE,53.5,53.5,53.5,53.5,53.5,0.0
RELIANCE,1097.4,1104.45,1081.1,1098.65,1092.75,15.245478036175925
RELIGARE,29.0,29.95,29.0,29.25,29.25,0.0
RELINFRA,287.95,298.4,286.15,296.8,289.25,29.835651074589094
RELNV20,530.0,533.35,526.5,533.35,531.69,38.598506605399685
REMSONSIND,120.5,120.5,105.0,109.0,111.15,53.709198813056375
RENUKA,10.9,11.15,10.9,11.0,11.0,0.0
REPCOHOME,400.05,400.75,387.2,394.55,398.3,37.85211267605637
REPL,45.0,47.0,45.0,47.0,46.25,0.0
REPRO,621.05,622.25,602.6,607.15,622.85,53.869653767820736
RESPONIND,91.0,99.6,90.0,94.5,89.65,64.66666666666659
REVATHI,396.35,396.35,396.0,396.0,391.0,66.66666666666666
RHFL,40.0,40.8,40.0,40.3,40.1,0.0
RHFL,959.99,959.99,959.95,959.99,960.0,0.0
RHFL,915.0,927.0,900.0,921.97,911.0,0.0
RICOAUTO,69.55,69.9,68.7,69.05,69.35,0.0
RIIL,337.75,341.8,331.05,339.9,335.95,49.03703703703698
RITES,264.45,265.85,257.1,260.3,263.1,0.0
RJL,312.05,314.85,309.05,314.0,313.55,40.46242774566511
RKDL,10.45,10.45,9.5,10.05,9.95,0.0
RKEC,60.95,61.0,60.95,61.0,58.3,0.0
RKFORGE,529.0,529.0,521.0,524.25,528.6,66.77966101694913
RMCL,25.7,25.95,25.5,25.6,25.9,0.0
RML,502.0,502.0,487.2,493.15,495.15,37.218813905930425
RNAM,155.1,156.55,153.1,154.7,156.1,0.0
RNAVAL,13.6,14.1,13.5,13.8,13.75,0.0
ROHITFERRO,1.55,1.6,1.5,1.55,1.55,0.0
ROHLTD,125.35,126.5,121.45,125.8,124.9,0.0
ROLLT,2.9,2.95,2.7,2.9,2.9,0.0
ROLTA,7.6,7.85,7.6,7.6,7.95,0.0
ROSSELLIND,86.0,86.35,84.1,85.7,86.0,39.65517241379342
RPGLIFE,229.95,233.75,224.95,230.6,229.3,11.764705882352828
RPOWER,27.3,27.9,27.0,27.65,27.15,0.0
RPPINFRA,121.5,127.35,119.0,124.0,119.55,29.03225806451617
RRSLGETF,18.11,18.16,18.11,18.15,18.18,0.0
RSSOFTWARE,34.75,34.95,33.7,33.95,34.5,0.0
RSWM,226.2,229.9,222.5,224.3,223.2,50.8771929824562
RSYSTEMS,47.95,48.4,47.75,47.75,47.75,0.0
RTNINFRA,3.45,3.55,3.4,3.55,3.5,0.0
RTNPOWER,3.45,3.55,3.45,3.5,3.5,0.0
RUBYMILLS,272.95,276.0,262.5,263.95,271.55,15.63307493540053
RUCHINFRA,3.65,3.95,3.65,3.95,3.8,0.0
RUCHIRA,134.65,134.9,130.75,131.5,133.35,23.076923076923165
RUCHISOYA,7.75,8.1,7.55,8.1,7.75,0.0
RUPA,354.0,356.5,348.0,349.4,352.65,90.62049062049061
RUSHIL,613.95,618.0,602.1,611.1,614.2,50.38795070743954
SABTN,5.9,6.0,5.65,5.95,5.75,0.0
SADBHAV,214.95,218.5,211.05,217.0,213.35,86.50793650793656
SADBHIN,98.05,99.5,97.75,98.4,99.2,0.0
SAGARDEEP,79.15,80.5,79.15,79.3,79.0,0.0
SAGCEM,680.95,683.0,675.0,676.6,681.2,37.76683087027923
SAIL,52.45,53.45,51.9,53.15,52.45,26.984126984127045
SAKAR,57.0,58.0,57.0,57.9,56.9,0.0
SAKHTISUG,13.0,13.5,12.95,13.15,12.95,0.0
SAKSOFT,290.0,292.25,285.9,286.25,287.65,58.04416403785491
SAKUMA,34.15,34.65,33.65,33.85,34.25,48.9795918367349
SALASAR,281.0,286.4,280.55,280.8,280.85,37.11151736745883
SALONA,68.2,75.0,68.2,71.85,72.75,31.66666666666667
SALSTEEL,6.65,6.85,6.45,6.75,6.65,0.0
SALZERELEC,136.55,140.0,133.5,137.15,135.0,52.43902439024339
SAMBHAAV,4.9,5.1,4.9,5.0,5.05,0.0
SANCO,14.5,14.8,14.15,14.7,14.7,0.0
SANDESH,745.65,746.95,745.0,745.0,745.55,45.89473684210516
SANDHAR,309.95,310.05,302.0,304.2,309.7,0.0
SANGAMIND,75.9,76.95,71.35,73.5,76.35,54.731457800511485
SANGHIIND,60.25,60.65,59.6,60.4,60.2,0.0
SANGHVIFOR,26.25,28.0,26.1,27.4,26.9,0.0
SANGHVIMOV,111.4,112.0,108.1,108.55,111.85,45.07772020725401
SANGINITA,61.7,61.7,61.7,61.7,58.8,0.0
SANOFI,6200.35,6270.0,6101.25,6128.25,6234.1,11.377355039327
SANWARIA,10.25,10.4,9.9,10.2,10.25,0.0
SARDAEN,259.2,262.9,257.15,258.55,258.7,35.321100917431295
SAREGAMA,605.9,605.95,586.95,600.5,596.25,47.32142857142894
SARLAPOLY,30.65,31.0,30.1,30.4,30.35,0.0
SARVESHWAR,25.75,27.0,25.7,26.95,27.0,0.0
SASKEN,669.65,683.3,666.2,678.1,668.4,60.96737907761513
SASTASUNDR,93.75,94.0,92.3,92.3,92.35,24.39024390243901
SATHAISPAT,9.75,11.4,9.55,9.95,9.5,0.0
SATIN,230.1,237.8,227.0,228.0,231.55,6.904231625835237
SBIETFQLTY,93.69,93.69,92.54,92.93,93.25,0.0
SBILIFE,603.0,615.0,600.0,602.85,600.05,68.48484848484864
SBIN,292.1,299.0,291.5,297.65,291.1,57.1788413098236
SBIN,11150.0,11212.0,11150.0,11212.0,11288.0,57.1788413098236
SBIN,11553.0,11600.0,11551.0,11596.33,11545.0,57.1788413098236
SCAPDVR,0.75,0.75,0.7,0.7,0.75,0.0
SCHAEFFLER,5615.2,5692.95,5615.2,5666.9,5631.4,57.939348276511495
SCHAND,215.4,217.7,215.0,216.85,214.65,49.74619289340081
SCHNEIDER,99.55,101.2,99.0,100.25,99.5,0.0
SCI,45.5,46.3,45.2,45.55,45.55,0.0
SDBL,154.9,155.45,151.3,152.55,154.75,29.65517241379318
SEAMECLTD,212.25,212.25,205.0,207.55,211.75,69.90595611285258
SELAN,195.1,197.6,193.15,194.9,194.85,59.84251968503925
SELMCL,1.55,1.55,1.55,1.55,1.6,0.0
SEPOWER,5.15,5.15,4.75,4.9,4.95,0.0
SEQUENT,64.9,66.05,63.5,64.15,64.85,0.0
SESHAPAPER,1055.7,1060.0,1043.0,1045.15,1059.05,23.926868044515075
SETCO,35.65,36.05,35.05,35.3,35.95,0.0
SETFGOLD,2880.0,2890.95,2870.05,2872.95,2880.75,77.31434384537117
SETFNIF50,109.0,109.38,108.06,109.21,108.69,0.0
SETFNIFBK,272.46,275.5,272.4,275.03,272.61,55.16908212560385
SETFNN50,282.82,282.91,280.5,282.55,281.92,17.852161785216552
SFL,1436.5,1436.5,1382.6,1400.65,1440.1,17.821285140562267
SGBAUG24,2905.1,2999.0,2905.1,2959.12,2944.8,0.0
SGBDEC25XI,2900.0,2905.0,2900.0,2900.73,2890.0,0.0
SGBFEB24,2920.0,2930.0,2911.0,2920.5,2930.0,0.0
SGBJUL25,2900.0,2900.0,2900.0,2900.0,2900.0,0.0
SGBMAR24,3050.0,3050.0,3050.0,3050.0,2917.0,0.0
SGBMAR25,2910.0,2918.0,2880.0,2910.0,2900.7,0.0
SGBMAY25,2907.0,2907.0,2902.0,2902.0,2908.0,0.0
SGBMAY26,2910.0,2910.0,2910.0,2910.0,2910.0,0.0
SGBNOV23,2905.0,2999.0,2905.0,2999.0,2950.0,0.0
SGBNOV24,2909.0,2949.0,2867.9,2921.0,2909.14,0.0
SGBNOV25VI,2780.0,2780.0,2780.0,2780.0,2860.0,0.0
SGBNOV26,2813.8,2900.0,2813.8,2900.0,2802.0,0.0
SGBOCT25IV,2846.01,2846.01,2846.01,2846.01,2884.66,0.0
SGBOCT26,2850.0,2850.0,2850.0,2850.0,2850.0,0.0
SGBSEP24,2949.0,2999.0,2935.0,2997.0,2939.27,0.0
SGL,8.3,8.7,8.25,8.3,8.4,0.0
SHAHALLOYS,19.15,20.5,19.15,19.65,20.0,0.0
SHAKTIPUMP,418.2,429.0,416.05,425.7,421.65,65.42699724517914
SHALBY,143.0,145.75,143.0,144.3,143.8,40.86021505376351
SHALPAINTS,71.75,73.0,71.7,72.1,71.95,0.0
SHANKARA,539.0,546.0,536.4,537.65,538.35,64.25855513307965
SHANTIGEAR,130.9,131.4,127.1,128.55,135.55,20.792079207920963
SHARDACROP,304.55,311.0,300.65,309.15,302.8,55.17241379310343
SHARDAMOTR,1477.7,1495.0,1475.0,1485.25,1476.5,42.176165803108894
SHARIABEES,242.0,242.0,237.1,240.75,241.14,29.629629629629633
SHARONBIO,4.8,4.9,4.55,4.75,4.75,0.0
SHEMAROO,434.05,444.7,428.1,433.55,432.55,68.43750000000004
SHILPAMED,388.35,389.1,380.0,381.2,386.25,47.85478547854784
SHILPI,1.9,1.95,1.85,1.85,1.9,0.0
SHIRPUR-G,83.8,84.7,83.8,83.8,84.1,36.89320388349521
SHIVAMAUTO,43.15,45.45,42.9,44.2,43.1,30.136986301369973
SHIVAMILLS,55.9,58.8,55.1,56.75,58.45,64.72868217054261
SHIVATEX,216.0,216.0,200.0,203.55,210.5,67.0588235294118
SHK,171.85,172.9,170.7,172.3,171.2,40.000000000000824
SHOPERSTOP,516.0,520.5,506.45,519.85,517.2,36.28808864265932
SHREECEM,16850.1,17020.0,16609.4,16737.1,16948.4,3.3336508238879787
SHREEPUSHK,162.05,167.0,161.3,164.9,163.0,22.093023255814032
SHREERAMA,6.0,6.45,5.95,6.35,6.1,0.0
SHRENIK,96.8,97.0,91.35,91.35,96.15,0.0
SHREYANIND,146.15,147.45,143.2,145.0,144.4,39.58333333333336
SHREYAS,211.65,214.5,207.9,211.45,213.95,59.09090909090902
SHRIPISTON,1150.0,1150.0,1131.0,1136.65,1150.0,0.0
SHRIRAMCIT,1586.2,1594.95,1585.6,1589.35,1590.7,44.37367303609327
SHRIRAMEPC,11.7,12.35,11.7,12.25,11.85,0.0
SHUBHLAXMI,34.0,34.0,33.95,34.0,34.4,0.0
SHYAMCENT,6.75,6.75,6.5,6.7,6.65,0.0
SICAGEN,23.7,24.1,23.6,24.0,24.0,0.0
SICAL,149.4,150.15,145.0,146.75,148.25,0.0
SIEMENS,1045.0,1067.4,1035.2,1062.7,1044.9,67.63901549680956
SIGIND,43.0,43.95,42.75,42.8,43.55,49.20634920634914
SIL,15.4,15.9,15.4,15.65,15.75,0.0
SILINV,173.3,185.0,173.15,183.5,172.15,63.86768447837145
SILLYMONKS,73.25,73.25,73.25,73.25,71.5,0.0
SILVERTUC,124.05,124.95,124.05,124.95,124.0,0.0
SIMBHALS,11.0,11.0,10.0,10.95,10.5,0.0
SIMPLEXINF,196.1,200.45,190.9,192.55,196.8,34.389140271493275
SINTERCOM,60.1,62.0,60.0,60.0,61.0,0.0
SINTEX,11.7,11.75,11.5,11.7,11.7,0.0
SIS,745.05,766.65,745.0,750.6,745.5,46.43652561247224
SITASHREE,0.65,0.65,0.65,0.65,0.7,0.0
SITINET,10.7,10.95,10.65,10.85,10.75,0.0
SIYSIL,358.45,358.45,353.0,355.5,355.05,68.62745098039235
SJVN,25.5,25.7,25.4,25.5,25.6,0.0
SKFINDIA,1900.0,1911.5,1900.0,1907.2,1900.15,63.333333333334124
SKIL,14.0,14.3,13.35,13.5,13.85,0.0
SKIPPER,85.35,86.7,85.05,85.55,85.65,38.98305084745778
SKMEGGPROD,65.9,66.5,65.75,65.9,66.3,0.0
SMARTLINK,85.45,91.4,85.45,86.75,87.15,52.307692307692186
SMLISUZU,651.5,655.8,642.2,650.15,651.45,26.54600301659113
SMPL,0.35,0.4,0.35,0.4,0.35,0.0
SMSLIFE,718.0,765.4,682.25,765.4,695.85,99.6996996996997
SMSPHARMA,74.85,75.0,69.5,70.85,73.65,55.721393034825894
SNOWMAN,34.6,35.1,34.4,34.65,34.45,0.0
SOBHA,453.05,456.6,437.55,440.55,456.5,44.16243654822337
SOFTTECH,40.0,40.0,40.0,40.0,40.5,0.0
SOLARA,303.15,312.9,298.1,307.7,303.6,61.62790697674423
SOLARINDS,1069.9,1074.0,1049.3,1058.8,1079.1,43.63030807660273
SOMANYCERA,361.25,372.0,356.9,360.2,358.35,0.0
SOMATEX,5.1,5.45,5.05,5.2,5.3,0.0
SOMICONVEY,32.0,32.0,31.55,31.55,32.0,0.0
SONATSOFTW,296.0,299.0,294.0,295.55,295.25,24.87804878048749
SONISOYA,23.1,23.1,23.1,23.1,23.8,0.0
SORILINFRA,375.35,381.0,367.55,372.4,372.3,19.87041036717075
SOTL,1116.2,1116.2,1090.0,1103.3,1116.2,0.0
SOUTHBANK,15.3,15.45,15.2,15.3,15.3,0.0
SOUTHWEST,44.1,44.5,44.1,44.1,43.25,0.0
SPAL,233.85,240.0,232.0,239.7,232.4,61.64021164021174
SPARC,183.6,187.5,179.0,185.6,183.05,33.564013840830384
SPCENET,0.7,0.7,0.7,0.7,0.7,0.0
SPECIALITY,76.1,79.45,76.1,77.8,77.9,25.581395348837106
SPENTEX,1.9,1.9,1.9,1.9,2.0,0.0
SPIC,27.0,28.0,26.85,27.85,27.25,47.82608695652171
SPICEMOBI,11.1,11.45,10.95,11.4,11.1,0.0
SPLIL,65.0,65.0,61.8,62.75,63.7,0.0
SPMLINFRA,39.3,39.5,39.0,39.15,39.7,0.0
SPTL,25.5,25.8,25.15,25.35,25.55,48.83720930232564
SPYL,0.25,0.25,0.25,0.25,0.25,0.0
SQSBFSI,452.1,459.8,451.05,451.45,457.0,50.83333333333305
SREEL,231.35,232.75,218.0,219.9,233.85,13.651877133105813
SREIBNPNCD,960.01,960.01,960.0,960.0,965.0,0.0
SREIBNPNCD,1069.9,1069.9,1020.0,1038.22,915.0,0.0
SREIBNPNCD,959.0,960.0,909.01,909.01,900.0,0.0
SREINFRA,33.65,34.25,32.65,33.0,33.95,0.0
SREINFRA,980.0,980.0,975.0,975.0,970.43,0.0
SREINFRA,986.0,1008.99,986.0,1001.49,985.0,0.0
SREINFRA,970.0,970.0,903.0,903.0,960.0,0.0
SREINFRA,995.0,995.0,995.0,995.0,1015.0,0.0
SREINFRA,925.0,925.0,925.0,925.0,950.0,0.0
SREINFRA,1009.0,1009.0,1009.0,1009.0,1010.0,0.0
SRF,1980.5,2003.4,1947.75,1993.15,1976.15,41.24872057318328
SRHHYPOLTD,151.0,156.0,150.45,153.95,154.0,25.77319587628854
SRIPIPES,183.4,184.2,181.3,183.3,182.5,20.32967032967028
SRIRAM,15.3,15.35,14.15,14.85,14.8,0.0
SRSLTD,0.35,0.35,0.3,0.35,0.3,0.0
SRTRANSFIN,1150.0,1171.95,1133.0,1162.65,1152.9,22.484416740872675
SRTRANSFIN,1830.0,1830.0,1827.0,1827.0,1825.86,22.484416740872675
SRTRANSFIN,1050.5,1050.5,1050.45,1050.45,1059.0,22.484416740872675
SRTRANSFIN,1090.0,1105.0,1090.0,1105.0,1089.0,22.484416740872675
SRTRANSFIN,1007.0,1007.0,1007.0,1007.0,1010.0,22.484416740872675
SRTRANSFIN,1705.0,1705.0,1705.0,1705.0,1700.0,22.484416740872675
SRTRANSFIN,970.0,980.0,970.0,980.0,970.17,22.484416740872675
SRTRANSFIN,1019.95,1020.0,1019.95,1020.0,1016.5,22.484416740872675
SRTRANSFIN,1003.05,1015.0,1003.05,1015.0,995.7,22.484416740872675
SRTRANSFIN,998.0,998.0,998.0,998.0,1000.0,22.484416740872675
SRTRANSFIN,995.0,1000.0,995.0,1000.0,990.0,22.484416740872675
SRTRANSFIN,988.0,1010.0,988.0,1010.0,980.0,22.484416740872675
SSWL,905.7,915.0,902.0,905.7,907.85,3.928571428571118
STAMPEDE,1.3,1.3,1.2,1.25,1.25,0.0
STAN,48.15,48.2,46.45,48.15,47.8,0.0
STAR,458.0,460.2,448.25,457.3,456.3,27.76280323450129
STARCEMENT,101.35,103.5,100.25,101.05,101.5,0.0
STARPAPER,155.5,157.1,153.35,154.45,155.75,23.38709677419365
STCINDIA,137.3,138.75,131.6,134.95,137.6,47.597254004576634
STEELCITY,65.0,66.95,63.7,64.2,63.15,0.0
STEELXIND,15.15,15.15,14.1,14.3,14.7,0.0
STEL,105.05,106.7,105.0,106.0,106.05,55.97484276729561
STERTOOLS,341.75,352.95,340.0,349.15,345.0,45.97014925373127
STINDIA,10.45,10.45,10.45,10.45,11.0,0.0
STRTECH,293.0,294.0,285.25,286.1,291.0,40.4320987654322
SUBEX,5.8,5.95,5.75,5.85,5.9,0.0
SUBROS,269.2,272.5,264.55,265.4,269.9,9.574468085106531
SUDARSCHEM,343.2,348.65,343.2,346.3,347.15,66.98564593301442
SUJANAUNI,0.25,0.3,0.25,0.3,0.25,0.0
SUMEETINDS,3.95,4.0,3.85,3.9,3.95,0.0
SUMIT,49.0,49.0,49.0,49.0,49.25,0.0
SUMMITSEC,550.05,555.1,540.0,548.75,549.8,51.85873605947955
SUNCLAYLTD,3490.0,3514.0,3445.0,3446.2,3492.35,30.020587684821294
SUNDARAM,2.1,2.1,2.05,2.05,2.1,0.0
SUNDARMFIN,1495.6,1514.0,1445.0,1480.05,1495.6,72.8221597751907
SUNDARMHLD,92.05,93.0,91.35,92.3,92.35,0.0
SUNDRMBRAK,382.0,384.65,375.3,377.1,385.9,8.641975308642074
SUNDRMFAST,521.55,535.0,521.55,529.95,526.3,46.72489082969434
SUNFLAG,56.8,57.5,55.9,56.8,56.85,0.0
SUNILHITEC,1.65,1.65,1.55,1.55,1.6,0.0
SUNPHARMA,439.1,439.9,432.2,433.8,436.1,70.37914691943132
SUNTECK,348.85,349.4,343.05,347.3,349.8,48.21428571428563
SUNTV,589.45,595.95,585.4,592.2,585.1,18.933333333333394
SUPERHOUSE,134.1,135.55,131.95,133.0,133.75,21.621621621621628
SUPERSPIN,7.6,8.05,7.6,7.9,7.7,0.0
SUPPETRO,204.45,207.5,202.0,203.7,207.35,34.55056179775278
SUPRAJIT,228.05,228.4,222.0,224.3,228.2,62.711864406779675
SUPREMEIND,1102.55,1113.7,1080.2,1085.55,1102.75,0.0
SUPREMEINF,23.35,23.65,22.6,22.65,23.75,0.0
SURANASOL,8.95,9.05,8.7,9.0,8.65,0.0
SURANAT&P,4.65,4.8,4.55,4.7,4.55,0.0
SURYALAXMI,42.0,43.15,42.0,43.05,42.5,0.0
SURYAROSNI,228.75,230.9,225.05,227.65,226.95,69.67213114754088
SUTLEJTEX,41.05,41.7,40.8,41.25,41.3,0.0
SUVEN,233.55,237.45,232.0,233.0,234.45,58.695652173913096
SUZLON,5.35,5.5,5.15,5.45,5.3,0.0
SVLL,68.5,69.6,68.5,69.6,67.6,0.0
SWANENERGY,98.8,101.0,98.0,99.45,98.8,20.370370370370296
SWARAJENG,1465.05,1510.0,1460.05,1503.0,1472.7,62.17704362558222
SWELECTES,281.55,281.55,270.0,272.2,278.5,61.56069364161846
SYMPHONY,1153.0,1178.95,1120.1,1153.5,1146.6,33.30838323353295
SYNCOM,3.15,3.15,3.0,3.1,3.1,0.0
SYNDIBANK,38.8,40.9,38.6,40.6,38.8,51.428571428571445
SYNGENE,547.5,550.8,542.5,544.45,547.5,0.0
TAINWALCHM,71.35,74.0,71.35,73.55,71.25,49.40476190476185
TAJGVK,175.6,176.45,172.4,172.95,174.9,26.241134751773075
TAKE,148.2,149.2,141.65,145.2,148.9,16.058394160583873
TALBROAUTO,243.15,243.15,234.5,236.4,234.3,86.70076726342703
TALWALKARS,42.35,43.8,41.5,42.6,42.35,0.0
TALWGYM,110.55,113.9,108.45,110.9,110.8,0.0
TANLA,30.8,31.5,30.5,31.3,30.75,0.0
TANTIACONS,4.55,4.75,4.45,4.75,4.65,0.0
TARACHAND,28.05,29.3,28.05,29.3,30.0,0.0
TARAJEWELS,1.6,1.6,1.55,1.55,1.6,0.0
TARAPUR,4.0,4.0,3.95,3.95,3.85,0.0
TARMAT,37.2,38.45,37.2,38.2,38.9,0.0
TASTYBITE,8752.05,8752.05,8590.15,8612.35,8764.85,0.0
TATACHEM,696.0,704.8,694.5,698.45,694.45,20.997375328084047
TATACOFFEE,97.05,99.65,95.5,97.4,97.05,39.18918918918909
TATACOMM,537.0,544.0,522.65,531.45,536.0,69.07216494845379
TATAELXSI,1030.0,1035.0,984.05,1003.9,1029.7,40.57815845824407
TATAGLOBAL,210.6,214.9,210.0,213.8,210.05,25.86206896551724
TATAINVEST,899.15,902.9,895.1,898.6,900.3,85.07042253521195
TATAMETALI,609.65,625.0,608.0,622.1,609.2,52.653061224489946
TATAMOTORS,169.0,171.95,168.5,170.95,166.05,45.30201342281875
TATAMTRDVR,90.5,92.2,90.25,91.5,89.05,32.026143790849744
TATAPOWER,74.3,75.55,73.7,75.05,74.2,0.0
TATASPONGE,825.9,834.65,808.55,813.75,825.9,0.0
TATASTEEL,82.0,82.0,77.0,81.25,81.7,26.838235294117553
TATASTEEL,481.0,492.85,479.55,487.65,481.25,26.838235294117553
TATASTLBSL,37.8,38.2,37.1,37.5,37.7,0.0
TBZ,66.3,66.95,64.85,66.15,66.95,35.416666666666686
TCFSL,1082.01,1085.5,1082.01,1085.5,1083.01,0.0
TCFSL,1015.65,1020.0,1015.5,1016.5,1016.1,0.0
TCFSL,1020.1,1020.1,1019.0,1019.13,1019.17,0.0
TCFSL,1025.0,1025.0,1020.0,1024.63,1028.0,0.0
TCI,281.5,289.6,273.0,283.75,278.7,29.881656804733737
TCIDEVELOP,342.55,369.0,342.55,349.2,353.1,44.258373205741556
TCIEXP,638.05,647.95,635.0,637.65,640.65,85.42056074766364
TCIFINANCE,15.45,15.45,14.65,15.05,15.0,0.0
TCNSBRANDS,716.0,722.95,712.0,719.7,717.25,87.19101123595513
TCPLPACK,433.0,433.0,415.6,419.8,420.9,38.33333333333338
TCS,1900.0,1901.2,1841.0,1876.85,1899.95,37.9548306148055
TDPOWERSYS,126.55,128.5,126.0,127.9,126.45,43.54838709677432
TEAMLEASE,2880.2,2887.6,2821.0,2837.2,2883.7,44.91157824491157
TECHIN,6.25,6.25,6.25,6.25,6.0,0.0
TECHM,694.45,697.05,672.5,681.1,691.25,17.87109374999997
TECHNOE,240.0,242.8,238.25,240.0,241.85,15.478260869565176
TECHNOFAB,136.55,138.9,133.9,138.2,136.55,51.21951219512195
TEJASNET,200.85,203.0,198.05,200.45,200.1,0.0
TERASOFT,38.2,41.0,38.0,40.25,38.55,62.015503875969
TEXINFRA,56.5,57.0,56.0,56.5,56.95,0.0
TEXMOPIPES,20.7,21.4,20.7,20.85,20.85,0.0
TEXRAIL,57.05,57.9,56.65,57.35,57.0,0.0
TFCILTD,123.95,124.35,123.3,123.45,123.95,0.0
TFL,4.95,5.0,4.7,4.95,4.95,0.0
TGBHOTELS,16.05,16.35,15.6,16.05,16.0,0.0
THANGAMAYL,388.3,392.25,368.0,376.6,392.8,34.56284153005477
THEINVEST,166.0,166.0,158.4,163.15,160.1,55.10752688172043
THEJO,589.0,589.0,589.0,589.0,590.0,0.0
THEMISMED,341.0,342.05,331.05,339.7,339.7,58.35051546391757
THERMAX,1130.25,1159.95,1129.5,1140.3,1136.4,92.83228949199737
THIRUSUGAR,33.1,34.95,31.05,32.3,29.25,82.72251308900519
THOMASCOOK,232.0,239.75,231.1,239.05,232.15,83.33333333333344
THYROCARE,551.0,551.0,532.9,548.9,549.15,94.33198380566847
TI,16.0,16.1,15.55,15.9,16.05,0.0
TIDEWATER,5434.95,5445.0,5390.0,5401.25,5413.7,50.61398825413853
TIFIN,510.2,510.2,492.55,499.85,507.4,37.03703703703711
TIIL,592.05,603.0,590.0,596.8,591.05,34.609250398724015
TIINDIA,360.0,369.0,346.8,351.1,359.35,62.28646517739817
TIJARIA,21.0,21.25,20.85,21.0,20.95,0.0
TIL,263.5,270.9,263.5,268.95,267.35,21.6216216216214
TIMESGTY,31.5,31.5,31.5,31.5,31.8,0.0
TIMETECHNO,104.45,104.45,102.15,103.35,101.75,62.68656716417925
TIMKEN,597.55,601.0,588.0,590.75,599.85,68.21766561514198
TINPLATE,145.8,146.75,142.75,145.8,144.9,20.833333333333385
TIPSINDLTD,61.4,62.0,59.9,60.2,60.05,44.554455445544455
TIRUMALCHM,110.25,110.95,104.55,106.4,109.85,17.751479289940832
TIRUPATI,47.35,47.35,47.35,47.35,44.5,0.0
TIRUPATIFL,43.25,43.25,43.25,43.25,43.4,0.0
TITAN,934.0,938.9,920.2,928.45,931.2,65.01305483028732
TMRVL,36.05,36.4,35.25,35.55,35.65,0.0
TNPETRO,38.3,38.8,38.0,38.65,38.45,0.0
TNPL,245.55,247.4,242.3,244.1,245.35,19.879518072289088
TNTELE,1.75,1.8,1.75,1.75,1.8,0.0
TOKYOPLAST,48.6,49.8,47.2,49.6,48.8,0.0
TORNTPHARM,1800.0,1826.5,1799.8,1817.15,1805.55,85.27493010251652
TORNTPOWER,264.0,264.8,259.3,261.7,260.5,60.06600660066008
TOTAL,28.25,28.25,28.25,28.25,28.85,0.0
TPLPLASTEH,149.9,151.55,149.0,149.6,150.75,38.725490196078255
TRANSWIND,17.0,17.0,17.0,17.0,17.85,0.0
TREEHOUSE,4.6,4.7,4.4,4.6,4.55,0.0
TREJHARA,51.45,51.45,51.45,51.45,54.15,0.0
TRENT,348.2,353.0,343.85,349.45,350.1,0.0
TRF,119.85,123.9,119.85,122.1,119.15,44.02985074626856
TRIDENT,67.65,67.9,66.3,66.75,67.3,42.857142857142755
TRIGYN,87.4,88.65,86.45,86.95,86.15,0.0
TRIL,14.45,14.45,13.8,13.9,14.25,0.0
TRITURBINE,113.0,113.0,108.1,109.15,111.85,38.400000000000006
TRIVENI,49.0,50.2,48.45,48.7,48.75,48.83720930232564
TTKHLTCARE,776.6,780.0,758.0,759.0,786.15,0.0
TTKPRESTIG,7506.9,7506.9,7352.0,7454.9,7514.2,45.554035567714614
TTL,65.2,65.9,64.9,65.05,65.35,61.62790697674415
TTML,4.0,4.05,3.95,3.95,4.0,0.0
TULSI,0.8,0.8,0.75,0.75,0.8,0.0
TV18BRDCST,37.1,37.65,36.5,37.45,37.05,0.0
TVSELECT,196.0,197.3,193.8,194.75,195.9,13.580246913580183
TVSMOTOR,537.0,545.9,535.65,540.95,537.85,26.153846153846146
TVSSRICHAK,2483.0,2483.05,2441.0,2462.6,2475.45,31.804043545878542
TVTODAY,361.0,366.8,361.0,364.0,363.95,21.15384615384606
TVVISION,4.55,5.0,4.4,4.95,4.75,0.0
TWL,79.0,79.95,78.1,79.45,79.1,0.0
UBL,1377.9,1377.9,1352.2,1371.15,1368.5,41.53439153439171
UCALFUEL,175.1,177.65,174.95,176.3,175.7,0.0
UCOBANK,21.7,22.0,21.35,21.75,21.1,48.97959183673471
UFLEX,280.1,284.0,273.55,275.45,277.1,37.450199203187125
UFO,259.15,261.45,256.65,257.55,259.1,42.9184549356224
UGARSUGAR,13.1,13.5,13.0,13.15,12.95,0.0
UJAAS,8.05,8.1,7.85,7.95,8.0,0.0
UJJIVAN,287.1,288.9,277.8,284.1,285.5,77.94486215538856
ULTRACEMCO,3928.0,3928.0,3853.0,3914.55,3900.05,21.00705580500326
UMANGDAIRY,59.8,63.8,57.8,59.5,58.55,44.680851063829756
UNICHEMLAB,190.55,193.0,190.0,192.5,190.75,47.29729729729781
UNIENTER,96.4,97.6,94.0,95.6,94.05,32.631578947368354
UNIINFO,25.85,26.45,25.85,26.05,26.0,0.0
UNIONBANK,88.95,93.0,88.2,92.25,88.75,89.39393939393953
UNIPLY,59.4,59.5,57.5,57.95,57.65,0.0
UNITECH,2.1,2.15,2.05,2.1,2.05,0.0
UNITEDBNK,12.05,12.3,11.95,12.25,12.05,0.0
UNITEDTEA,350.0,350.0,346.95,348.0,343.3,50.0
UNITY,1.6,1.6,1.55,1.55,1.6,0.0
UNIVCABLES,272.0,274.8,268.55,271.35,272.0,0.0
UPL,748.8,759.25,743.1,756.4,746.65,46.36363636363636
URJA,3.4,3.5,3.35,3.4,3.4,0.0
USHAMART,35.8,36.2,35.5,35.8,35.95,0.0
USHERAGRO,2.3,2.35,2.25,2.35,2.35,0.0
UTINEXT50,280.0,285.92,280.0,285.87,283.0,68.13495782567956
UTINIFTETF,1119.2,1122.1,1109.8,1117.45,1123.4,30.015552099533636
UTISENSETF,370.0,370.0,370.0,370.0,364.56,43.545611015490536
UTTAMSTL,10.8,10.9,10.75,10.85,10.75,0.0
UTTAMSUGAR,93.55,97.7,92.9,93.9,93.25,71.05263157894738
UVSL,0.1,0.15,0.1,0.15,0.1,0.0
UWCSL,20.1,20.1,20.1,20.1,19.45,0.0
V2RETAIL,271.15,281.0,265.25,274.7,271.15,28.286852589641242
VADILALIND,542.5,548.55,540.2,544.4,544.95,90.64516129032236
VAIBHAVGBL,716.0,718.4,707.05,708.6,714.1,40.81237911025142
VAKRANGEE,34.1,34.9,33.7,34.4,34.3,47.82608695652168
VARDHACRLC,45.85,45.95,43.95,45.5,45.25,48.07692307692305
VARDMNPOLY,11.8,11.8,11.4,11.7,11.55,0.0
VARROC,725.0,729.25,720.0,721.95,721.45,81.24576844956002
VASCONEQ,18.05,18.35,17.55,17.95,17.25,0.0
VASWANI,11.1,11.9,11.05,11.6,11.4,0.0
VBL,800.0,814.65,798.45,807.35,800.55,77.96420581655478
VEDL,188.0,194.45,186.65,192.9,187.95,35.22727272727272
VENKEYS,2377.0,2384.9,2335.0,2338.8,2370.4,18.769074262462098
VENUSREM,44.4,44.75,44.0,44.25,44.1,38.333333333333286
VERTOZ,185.0,187.25,184.0,187.1,184.55,0.0
VESUVIUS,1176.55,1199.0,1166.0,1186.55,1178.25,35.72635135135161
VETO,70.7,72.45,70.7,71.55,70.85,0.0
VGUARD,217.05,219.8,214.3,217.05,217.55,0.0
VHL,2209.0,2316.0,2209.0,2280.9,2273.95,59.36646641179691
VICEROY,4.9,5.2,4.85,5.0,5.05,0.0
VIDEOIND,3.25,3.35,3.1,3.2,3.2,0.0
VIDHIING,87.3,89.8,87.25,88.3,88.05,79.16666666666669
VIJAYABANK,47.5,48.25,47.1,48.05,47.3,0.0
VIJIFIN,1.75,1.75,1.75,1.75,1.8,0.0
VIJSHAN,7.05,7.55,7.05,7.45,7.25,0.0
VIKASECO,12.9,13.0,12.45,12.65,12.8,57.49999999999998
VIMTALABS,312.85,313.0,305.05,306.85,310.5,43.18181818181818
VINATIORGA,1611.05,1630.0,1594.85,1620.05,1618.3,47.60787992495304
VINDHYATEL,1870.3,1891.95,1860.0,1868.85,1866.15,4.97695852534531
VINYLINDIA,80.6,80.65,78.05,79.8,78.6,47.368421052631575
VIPCLOTHNG,28.55,28.6,28.0,28.1,28.3,0.0
VIPIND,513.95,523.8,507.65,519.65,511.8,66.16314199395771
VIPULLTD,34.2,35.0,33.8,34.8,33.8,65.2173913043479
VISAKAIND,424.0,428.25,423.75,424.55,425.65,47.058823529411804
VISASTEEL,8.9,8.9,8.5,8.65,8.55,0.0
VISESHINFO,0.05,0.1,0.05,0.1,0.1,0.0
VISHNU,159.95,160.0,156.25,156.4,156.7,0.0
VIVIDHA,0.7,0.75,0.65,0.7,0.7,0.0
VIVIMEDLAB,36.5,36.6,35.9,36.0,36.4,0.0
VLSFINANCE,56.2,58.8,55.3,57.3,56.1,44.44444444444447
VMART,2550.0,2591.45,2505.5,2530.9,2549.3,16.97429136453529
VOLTAMP,1119.45,1130.0,1115.0,1125.4,1113.05,0.0
VOLTAS,538.0,541.05,527.55,536.15,536.35,17.697228144989595
VRLLOG,283.6,286.45,280.5,281.85,282.45,13.178294573643356
VSCL,46.2,46.2,46.2,46.2,44.0,0.0
VSSL,97.05,98.95,97.0,98.4,97.25,43.63636363636374
VSTIND,3072.0,3106.4,3041.35,3100.65,3072.0,15.154660577122698
VSTTILLERS,1545.3,1584.8,1537.0,1562.65,1554.2,32.142857142857224
VTL,1105.05,1105.6,1092.5,1096.75,1107.7,81.08856088560887
WABAG,262.0,266.0,258.4,262.65,254.5,57.06051873198845
WABCOINDIA,6782.45,6849.85,6700.0,6708.55,6790.8,0.0
WALCHANNAG,99.4,100.4,97.6,99.2,99.1,48.95833333333325
WANBURY,19.6,20.35,18.65,19.1,19.6,0.0
WEBELSOLAR,28.1,28.9,27.6,28.0,27.95,0.0
WEIZFOREX,514.85,518.0,511.65,514.15,514.55,75.99999999999994
WEIZMANIND,57.95,57.95,52.45,52.45,55.2,83.28267477203647
WELCORP,133.05,134.75,130.7,133.75,132.8,0.0
WELENT,114.7,114.9,111.25,113.2,114.7,44.148936170212735
WELINV,147.6,154.9,147.6,154.7,151.75,47.85276073619618
WELSPUNIND,61.2,61.6,60.25,60.85,61.2,0.0
WENDT,3080.05,3174.0,3080.0,3100.6,3105.3,37.29533050333523
WHEELS,898.3,906.0,890.0,891.75,899.8,14.040114613180748
WHIRLPOOL,1383.2,1400.0,1369.4,1390.75,1390.7,73.55450236966848
WILLAMAGOR,53.5,53.5,52.2,53.0,53.45,41.071428571428555
WINDMACHIN,67.55,68.85,66.45,66.8,67.5,62.24489795918363
WINSOME,1.05,1.1,1.05,1.1,1.1,0.0
WIPL,72.0,72.0,72.0,72.0,72.0,0.0
WIPRO,324.5,326.85,319.65,324.45,325.5,0.0
WOCKPHARMA,508.05,512.95,501.0,510.7,507.8,39.45086705202309
WONDERLA,264.2,267.8,264.0,265.25,263.4,31.372549019608
WORTH,75.0,75.0,74.0,74.35,75.0,0.0
WSI,3.0,3.15,3.0,3.15,3.15,0.0
WSTCSTPAPR,309.6,311.65,302.8,305.3,309.6,42.535211267605696
XCHANGING,45.15,46.75,45.1,45.7,46.0,30.26315789473682
XLENERGY,0.9,1.0,0.9,0.95,0.95,0.0
XPROINDIA,39.9,41.9,39.9,41.3,39.3,70.4347826086956
YESBANK,184.85,190.3,181.55,189.65,184.1,86.02150537634373
ZEEL,463.0,468.7,455.6,463.95,461.45,30.627306273062743
ZEEL,7.6,7.6,7.55,7.55,7.55,30.627306273062743
ZEELEARN,36.45,36.45,35.4,35.55,35.7,0.0
ZEEMEDIA,24.0,24.1,23.55,23.75,23.9,0.0
ZENITHBIR,0.65,0.7,0.65,0.65,0.7,0.0
ZENSARTECH,230.45,232.5,224.0,229.25,231.1,40.49586776859525
ZENTEC,75.55,77.0,73.15,73.45,75.6,0.0
ZICOM,6.65,6.65,6.4,6.5,6.6,0.0
ZODIAC,23.0,23.0,23.0,23.0,22.0,0.0
ZODIACLOTH,143.95,143.95,138.1,139.0,140.1,0.0
ZODJRDMKJ,42.6,43.95,41.3,41.3,42.05,26.13636363636357
ZOTA,252.05,253.95,250.65,252.2,253.0,0.0
ZUARI,239.3,240.0,236.1,238.4,237.25,62.08695652173915
ZUARIGLOB,122.1,122.25,118.4,119.55,120.4,76.71957671957658
ZYDUSWELL,1349.05,1355.4,1329.05,1339.3,1359.75,34.150772025431365
ZYLOG,0.8,0.8,0.75,0.75,0.8,0.0
